"GEO_ID","NAME","B01003_001E","B01003_001M",
"Geography","Geographic Area Name","Estimate!!Total","Margin of Error!!Total",
"0400000US11","District of Columbia","681294","*****",
"1500000US110010001011","Block Group 1; Census Tract 1.01; District of Columbia; District of Columbia","1262","167",
"1500000US110010001021","Block Group 1; Census Tract 1.02; District of Columbia; District of Columbia","1181","269",
"1500000US110010001022","Block Group 2; Census Tract 1.02; District of Columbia; District of Columbia","1026","298",
"1500000US110010001023","Block Group 3; Census Tract 1.02; District of Columbia; District of Columbia","774","304",
"1500000US110010002011","Block Group 1; Census Tract 2.01; District of Columbia; District of Columbia","0","15",
"1500000US110010002012","Block Group 2; Census Tract 2.01; District of Columbia; District of Columbia","3229","38",
"1500000US110010002021","Block Group 1; Census Tract 2.02; District of Columbia; District of Columbia","795","284",
"1500000US110010002022","Block Group 2; Census Tract 2.02; District of Columbia; District of Columbia","664","214",
"1500000US110010002023","Block Group 3; Census Tract 2.02; District of Columbia; District of Columbia","750","391",
"1500000US110010002024","Block Group 4; Census Tract 2.02; District of Columbia; District of Columbia","1859","334",
"1500000US110010003001","Block Group 1; Census Tract 3; District of Columbia; District of Columbia","1143","346",
"1500000US110010003002","Block Group 2; Census Tract 3; District of Columbia; District of Columbia","1737","506",
"1500000US110010003003","Block Group 3; Census Tract 3; District of Columbia; District of Columbia","1828","581",
"1500000US110010003004","Block Group 4; Census Tract 3; District of Columbia; District of Columbia","1280","376",
"1500000US110010004001","Block Group 1; Census Tract 4; District of Columbia; District of Columbia","593","158",
"1500000US110010004002","Block Group 2; Census Tract 4; District of Columbia; District of Columbia","1162","291",
"1500000US110010005011","Block Group 1; Census Tract 5.01; District of Columbia; District of Columbia","1229","362",
"1500000US110010005012","Block Group 2; Census Tract 5.01; District of Columbia; District of Columbia","1173","266",
"1500000US110010005013","Block Group 3; Census Tract 5.01; District of Columbia; District of Columbia","1208","351",
"1500000US110010005021","Block Group 1; Census Tract 5.02; District of Columbia; District of Columbia","1890","357",
"1500000US110010005022","Block Group 2; Census Tract 5.02; District of Columbia; District of Columbia","1715","508",
"1500000US110010006001","Block Group 1; Census Tract 6; District of Columbia; District of Columbia","1072","308",
"1500000US110010006002","Block Group 2; Census Tract 6; District of Columbia; District of Columbia","807","284",
"1500000US110010006003","Block Group 3; Census Tract 6; District of Columbia; District of Columbia","627","292",
"1500000US110010006004","Block Group 4; Census Tract 6; District of Columbia; District of Columbia","1910","475",
"1500000US110010007021","Block Group 1; Census Tract 7.02; District of Columbia; District of Columbia","1043","262",
"1500000US110010007022","Block Group 2; Census Tract 7.02; District of Columbia; District of Columbia","1257","458",
"1500000US110010007023","Block Group 3; Census Tract 7.02; District of Columbia; District of Columbia","958","341",
"1500000US110010007031","Block Group 1; Census Tract 7.03; District of Columbia; District of Columbia","1246","333",
"1500000US110010007032","Block Group 2; Census Tract 7.03; District of Columbia; District of Columbia","1542","226",
"1500000US110010007041","Block Group 1; Census Tract 7.04; District of Columbia; District of Columbia","1502","379",
"1500000US110010007042","Block Group 2; Census Tract 7.04; District of Columbia; District of Columbia","1125","290",
"1500000US110010008021","Block Group 1; Census Tract 8.02; District of Columbia; District of Columbia","2363","473",
"1500000US110010008022","Block Group 2; Census Tract 8.02; District of Columbia; District of Columbia","648","189",
"1500000US110010008031","Block Group 1; Census Tract 8.03; District of Columbia; District of Columbia","822","208",
"1500000US110010008032","Block Group 2; Census Tract 8.03; District of Columbia; District of Columbia","680","190",
"1500000US110010008033","Block Group 3; Census Tract 8.03; District of Columbia; District of Columbia","1275","367",
"1500000US110010008041","Block Group 1; Census Tract 8.04; District of Columbia; District of Columbia","1104","353",
"1500000US110010008042","Block Group 2; Census Tract 8.04; District of Columbia; District of Columbia","1160","262",
"1500000US110010008043","Block Group 3; Census Tract 8.04; District of Columbia; District of Columbia","1563","649",
"1500000US110010009021","Block Group 1; Census Tract 9.02; District of Columbia; District of Columbia","720","164",
"1500000US110010009022","Block Group 2; Census Tract 9.02; District of Columbia; District of Columbia","1441","419",
"1500000US110010009031","Block Group 1; Census Tract 9.03; District of Columbia; District of Columbia","2455","61",
"1500000US110010009032","Block Group 2; Census Tract 9.03; District of Columbia; District of Columbia","1123","164",
"1500000US110010009041","Block Group 1; Census Tract 9.04; District of Columbia; District of Columbia","1817","442",
"1500000US110010009042","Block Group 2; Census Tract 9.04; District of Columbia; District of Columbia","1306","268",
"1500000US110010010021","Block Group 1; Census Tract 10.02; District of Columbia; District of Columbia","613","202",
"1500000US110010010022","Block Group 2; Census Tract 10.02; District of Columbia; District of Columbia","811","364",
"1500000US110010010023","Block Group 3; Census Tract 10.02; District of Columbia; District of Columbia","1067","470",
"1500000US110010010024","Block Group 4; Census Tract 10.02; District of Columbia; District of Columbia","1097","410",
"1500000US110010010031","Block Group 1; Census Tract 10.03; District of Columbia; District of Columbia","1060","258",
"1500000US110010010032","Block Group 2; Census Tract 10.03; District of Columbia; District of Columbia","805","536",
"1500000US110010010033","Block Group 3; Census Tract 10.03; District of Columbia; District of Columbia","1129","226",
"1500000US110010010041","Block Group 1; Census Tract 10.04; District of Columbia; District of Columbia","636","241",
"1500000US110010010042","Block Group 2; Census Tract 10.04; District of Columbia; District of Columbia","1941","347",
"1500000US110010010043","Block Group 3; Census Tract 10.04; District of Columbia; District of Columbia","1361","343",
"1500000US110010011001","Block Group 1; Census Tract 11; District of Columbia; District of Columbia","1693","385",
"1500000US110010011002","Block Group 2; Census Tract 11; District of Columbia; District of Columbia","1323","334",
"1500000US110010011003","Block Group 3; Census Tract 11; District of Columbia; District of Columbia","529","255",
"1500000US110010011004","Block Group 4; Census Tract 11; District of Columbia; District of Columbia","1457","568",
"1500000US110010012001","Block Group 1; Census Tract 12; District of Columbia; District of Columbia","1897","509",
"1500000US110010012002","Block Group 2; Census Tract 12; District of Columbia; District of Columbia","1126","289",
"1500000US110010012003","Block Group 3; Census Tract 12; District of Columbia; District of Columbia","900","361",
"1500000US110010012004","Block Group 4; Census Tract 12; District of Columbia; District of Columbia","959","265",
"1500000US110010013011","Block Group 1; Census Tract 13.01; District of Columbia; District of Columbia","1702","440",
"1500000US110010013012","Block Group 2; Census Tract 13.01; District of Columbia; District of Columbia","607","265",
"1500000US110010013013","Block Group 3; Census Tract 13.01; District of Columbia; District of Columbia","862","364",
"1500000US110010013014","Block Group 4; Census Tract 13.01; District of Columbia; District of Columbia","871","299",
"1500000US110010013031","Block Group 1; Census Tract 13.03; District of Columbia; District of Columbia","995","240",
"1500000US110010013032","Block Group 2; Census Tract 13.03; District of Columbia; District of Columbia","923","319",
"1500000US110010013033","Block Group 3; Census Tract 13.03; District of Columbia; District of Columbia","1008","363",
"1500000US110010013034","Block Group 4; Census Tract 13.03; District of Columbia; District of Columbia","792","358",
"1500000US110010013041","Block Group 1; Census Tract 13.04; District of Columbia; District of Columbia","1203","266",
"1500000US110010013042","Block Group 2; Census Tract 13.04; District of Columbia; District of Columbia","842","279",
"1500000US110010013043","Block Group 3; Census Tract 13.04; District of Columbia; District of Columbia","714","189",
"1500000US110010013044","Block Group 4; Census Tract 13.04; District of Columbia; District of Columbia","1064","550",
"1500000US110010014011","Block Group 1; Census Tract 14.01; District of Columbia; District of Columbia","1801","323",
"1500000US110010014012","Block Group 2; Census Tract 14.01; District of Columbia; District of Columbia","1477","523",
"1500000US110010014021","Block Group 1; Census Tract 14.02; District of Columbia; District of Columbia","980","215",
"1500000US110010014022","Block Group 2; Census Tract 14.02; District of Columbia; District of Columbia","990","220",
"1500000US110010014023","Block Group 3; Census Tract 14.02; District of Columbia; District of Columbia","1551","391",
"1500000US110010015001","Block Group 1; Census Tract 15; District of Columbia; District of Columbia","1585","651",
"1500000US110010015002","Block Group 2; Census Tract 15; District of Columbia; District of Columbia","696","179",
"1500000US110010015003","Block Group 3; Census Tract 15; District of Columbia; District of Columbia","629","260",
"1500000US110010015004","Block Group 4; Census Tract 15; District of Columbia; District of Columbia","1398","381",
"1500000US110010015005","Block Group 5; Census Tract 15; District of Columbia; District of Columbia","1299","591",
"1500000US110010016001","Block Group 1; Census Tract 16; District of Columbia; District of Columbia","1543","533",
"1500000US110010016002","Block Group 2; Census Tract 16; District of Columbia; District of Columbia","430","179",
"1500000US110010016003","Block Group 3; Census Tract 16; District of Columbia; District of Columbia","993","330",
"1500000US110010016004","Block Group 4; Census Tract 16; District of Columbia; District of Columbia","1923","493",
"1500000US110010017021","Block Group 1; Census Tract 17.02; District of Columbia; District of Columbia","1489","351",
"1500000US110010017022","Block Group 2; Census Tract 17.02; District of Columbia; District of Columbia","1928","454",
"1500000US110010018031","Block Group 1; Census Tract 18.03; District of Columbia; District of Columbia","1061","539",
"1500000US110010018032","Block Group 2; Census Tract 18.03; District of Columbia; District of Columbia","1555","590",
"1500000US110010018033","Block Group 3; Census Tract 18.03; District of Columbia; District of Columbia","1142","585",
"1500000US110010018041","Block Group 1; Census Tract 18.04; District of Columbia; District of Columbia","1503","679",
"1500000US110010018042","Block Group 2; Census Tract 18.04; District of Columbia; District of Columbia","1564","780",
"1500000US110010018043","Block Group 3; Census Tract 18.04; District of Columbia; District of Columbia","2387","799",
"1500000US110010019011","Block Group 1; Census Tract 19.01; District of Columbia; District of Columbia","674","324",
"1500000US110010019012","Block Group 2; Census Tract 19.01; District of Columbia; District of Columbia","886","292",
"1500000US110010019013","Block Group 3; Census Tract 19.01; District of Columbia; District of Columbia","1440","572",
"1500000US110010019014","Block Group 4; Census Tract 19.01; District of Columbia; District of Columbia","1655","864",
"1500000US110010019021","Block Group 1; Census Tract 19.02; District of Columbia; District of Columbia","1409","199",
"1500000US110010019022","Block Group 2; Census Tract 19.02; District of Columbia; District of Columbia","805","258",
"1500000US110010020011","Block Group 1; Census Tract 20.01; District of Columbia; District of Columbia","2201","738",
"1500000US110010020012","Block Group 2; Census Tract 20.01; District of Columbia; District of Columbia","740","263",
"1500000US110010020021","Block Group 1; Census Tract 20.02; District of Columbia; District of Columbia","1268","534",
"1500000US110010020022","Block Group 2; Census Tract 20.02; District of Columbia; District of Columbia","1300","461",
"1500000US110010020023","Block Group 3; Census Tract 20.02; District of Columbia; District of Columbia","1451","365",
"1500000US110010021011","Block Group 1; Census Tract 21.01; District of Columbia; District of Columbia","1276","764",
"1500000US110010021012","Block Group 2; Census Tract 21.01; District of Columbia; District of Columbia","1310","617",
"1500000US110010021013","Block Group 3; Census Tract 21.01; District of Columbia; District of Columbia","1738","958",
"1500000US110010021014","Block Group 4; Census Tract 21.01; District of Columbia; District of Columbia","466","287",
"1500000US110010021015","Block Group 5; Census Tract 21.01; District of Columbia; District of Columbia","663","336",
"1500000US110010021021","Block Group 1; Census Tract 21.02; District of Columbia; District of Columbia","1667","1171",
"1500000US110010021022","Block Group 2; Census Tract 21.02; District of Columbia; District of Columbia","978","448",
"1500000US110010021023","Block Group 3; Census Tract 21.02; District of Columbia; District of Columbia","583","300",
"1500000US110010021024","Block Group 4; Census Tract 21.02; District of Columbia; District of Columbia","707","386",
"1500000US110010021025","Block Group 5; Census Tract 21.02; District of Columbia; District of Columbia","1251","429",
"1500000US110010021026","Block Group 6; Census Tract 21.02; District of Columbia; District of Columbia","516","210",
"1500000US110010022011","Block Group 1; Census Tract 22.01; District of Columbia; District of Columbia","1124","249",
"1500000US110010022012","Block Group 2; Census Tract 22.01; District of Columbia; District of Columbia","2001","726",
"1500000US110010022013","Block Group 3; Census Tract 22.01; District of Columbia; District of Columbia","377","189",
"1500000US110010022021","Block Group 1; Census Tract 22.02; District of Columbia; District of Columbia","2110","776",
"1500000US110010022022","Block Group 2; Census Tract 22.02; District of Columbia; District of Columbia","363","169",
"1500000US110010022023","Block Group 3; Census Tract 22.02; District of Columbia; District of Columbia","696","180",
"1500000US110010023011","Block Group 1; Census Tract 23.01; District of Columbia; District of Columbia","1120","330",
"1500000US110010023012","Block Group 2; Census Tract 23.01; District of Columbia; District of Columbia","1983","402",
"1500000US110010023021","Block Group 1; Census Tract 23.02; District of Columbia; District of Columbia","0","15",
"1500000US110010023022","Block Group 2; Census Tract 23.02; District of Columbia; District of Columbia","925","163",
"1500000US110010023023","Block Group 3; Census Tract 23.02; District of Columbia; District of Columbia","488","185",
"1500000US110010024001","Block Group 1; Census Tract 24; District of Columbia; District of Columbia","897","239",
"1500000US110010024002","Block Group 2; Census Tract 24; District of Columbia; District of Columbia","1059","442",
"1500000US110010024003","Block Group 3; Census Tract 24; District of Columbia; District of Columbia","965","261",
"1500000US110010024004","Block Group 4; Census Tract 24; District of Columbia; District of Columbia","950","333",
"1500000US110010025011","Block Group 1; Census Tract 25.01; District of Columbia; District of Columbia","1514","794",
"1500000US110010025012","Block Group 2; Census Tract 25.01; District of Columbia; District of Columbia","1254","333",
"1500000US110010025031","Block Group 1; Census Tract 25.03; District of Columbia; District of Columbia","1492","583",
"1500000US110010025032","Block Group 2; Census Tract 25.03; District of Columbia; District of Columbia","1734","341",
"1500000US110010025041","Block Group 1; Census Tract 25.04; District of Columbia; District of Columbia","1135","372",
"1500000US110010025042","Block Group 2; Census Tract 25.04; District of Columbia; District of Columbia","1868","444",
"1500000US110010026001","Block Group 1; Census Tract 26; District of Columbia; District of Columbia","944","267",
"1500000US110010026002","Block Group 2; Census Tract 26; District of Columbia; District of Columbia","1397","398",
"1500000US110010027021","Block Group 1; Census Tract 27.02; District of Columbia; District of Columbia","1999","734",
"1500000US110010027022","Block Group 2; Census Tract 27.02; District of Columbia; District of Columbia","1726","498",
"1500000US110010027023","Block Group 3; Census Tract 27.02; District of Columbia; District of Columbia","980","353",
"1500000US110010027024","Block Group 4; Census Tract 27.02; District of Columbia; District of Columbia","1334","678",
"1500000US110010027031","Block Group 1; Census Tract 27.03; District of Columbia; District of Columbia","525","268",
"1500000US110010027032","Block Group 2; Census Tract 27.03; District of Columbia; District of Columbia","1878","339",
"1500000US110010027041","Block Group 1; Census Tract 27.04; District of Columbia; District of Columbia","1256","459",
"1500000US110010027042","Block Group 2; Census Tract 27.04; District of Columbia; District of Columbia","1605","430",
"1500000US110010028011","Block Group 1; Census Tract 28.01; District of Columbia; District of Columbia","1358","372",
"1500000US110010028012","Block Group 2; Census Tract 28.01; District of Columbia; District of Columbia","2434","650",
"1500000US110010028021","Block Group 1; Census Tract 28.02; District of Columbia; District of Columbia","2383","799",
"1500000US110010028022","Block Group 2; Census Tract 28.02; District of Columbia; District of Columbia","769","587",
"1500000US110010028023","Block Group 3; Census Tract 28.02; District of Columbia; District of Columbia","1355","345",
"1500000US110010029001","Block Group 1; Census Tract 29; District of Columbia; District of Columbia","1692","380",
"1500000US110010029002","Block Group 2; Census Tract 29; District of Columbia; District of Columbia","2669","735",
"1500000US110010030001","Block Group 1; Census Tract 30; District of Columbia; District of Columbia","1729","336",
"1500000US110010030002","Block Group 2; Census Tract 30; District of Columbia; District of Columbia","1696","439",
"1500000US110010031001","Block Group 1; Census Tract 31; District of Columbia; District of Columbia","1481","688",
"1500000US110010031002","Block Group 2; Census Tract 31; District of Columbia; District of Columbia","2425","648",
"1500000US110010032001","Block Group 1; Census Tract 32; District of Columbia; District of Columbia","1135","861",
"1500000US110010032002","Block Group 2; Census Tract 32; District of Columbia; District of Columbia","964","356",
"1500000US110010032003","Block Group 3; Census Tract 32; District of Columbia; District of Columbia","1477","526",
"1500000US110010032004","Block Group 4; Census Tract 32; District of Columbia; District of Columbia","647","233",
"1500000US110010033011","Block Group 1; Census Tract 33.01; District of Columbia; District of Columbia","1293","349",
"1500000US110010033012","Block Group 2; Census Tract 33.01; District of Columbia; District of Columbia","1148","260",
"1500000US110010033013","Block Group 3; Census Tract 33.01; District of Columbia; District of Columbia","1229","378",
"1500000US110010033021","Block Group 1; Census Tract 33.02; District of Columbia; District of Columbia","1059","202",
"1500000US110010033022","Block Group 2; Census Tract 33.02; District of Columbia; District of Columbia","1209","408",
"1500000US110010034001","Block Group 1; Census Tract 34; District of Columbia; District of Columbia","862","219",
"1500000US110010034002","Block Group 2; Census Tract 34; District of Columbia; District of Columbia","0","15",
"1500000US110010034003","Block Group 3; Census Tract 34; District of Columbia; District of Columbia","1698","614",
"1500000US110010034004","Block Group 4; Census Tract 34; District of Columbia; District of Columbia","426","181",
"1500000US110010034005","Block Group 5; Census Tract 34; District of Columbia; District of Columbia","1742","245",
"1500000US110010035001","Block Group 1; Census Tract 35; District of Columbia; District of Columbia","1107","262",
"1500000US110010035002","Block Group 2; Census Tract 35; District of Columbia; District of Columbia","3148","485",
"1500000US110010035003","Block Group 3; Census Tract 35; District of Columbia; District of Columbia","883","332",
"1500000US110010036001","Block Group 1; Census Tract 36; District of Columbia; District of Columbia","3039","601",
"1500000US110010036002","Block Group 2; Census Tract 36; District of Columbia; District of Columbia","1197","478",
"1500000US110010036003","Block Group 3; Census Tract 36; District of Columbia; District of Columbia","806","295",
"1500000US110010037011","Block Group 1; Census Tract 37.01; District of Columbia; District of Columbia","893","199",
"1500000US110010037012","Block Group 2; Census Tract 37.01; District of Columbia; District of Columbia","1615","282",
"1500000US110010037021","Block Group 1; Census Tract 37.02; District of Columbia; District of Columbia","982","293",
"1500000US110010037022","Block Group 2; Census Tract 37.02; District of Columbia; District of Columbia","1813","747",
"1500000US110010038011","Block Group 1; Census Tract 38.01; District of Columbia; District of Columbia","614","164",
"1500000US110010038012","Block Group 2; Census Tract 38.01; District of Columbia; District of Columbia","826","166",
"1500000US110010038021","Block Group 1; Census Tract 38.02; District of Columbia; District of Columbia","1266","480",
"1500000US110010038022","Block Group 2; Census Tract 38.02; District of Columbia; District of Columbia","1075","297",
"1500000US110010038023","Block Group 3; Census Tract 38.02; District of Columbia; District of Columbia","1304","311",
"1500000US110010039011","Block Group 1; Census Tract 39.01; District of Columbia; District of Columbia","1222","315",
"1500000US110010039012","Block Group 2; Census Tract 39.01; District of Columbia; District of Columbia","1512","543",
"1500000US110010039021","Block Group 1; Census Tract 39.02; District of Columbia; District of Columbia","821","167",
"1500000US110010039022","Block Group 2; Census Tract 39.02; District of Columbia; District of Columbia","745","208",
"1500000US110010040011","Block Group 1; Census Tract 40.01; District of Columbia; District of Columbia","1569","574",
"1500000US110010040012","Block Group 2; Census Tract 40.01; District of Columbia; District of Columbia","780","228",
"1500000US110010040013","Block Group 3; Census Tract 40.01; District of Columbia; District of Columbia","783","203",
"1500000US110010040014","Block Group 4; Census Tract 40.01; District of Columbia; District of Columbia","711","223",
"1500000US110010040021","Block Group 1; Census Tract 40.02; District of Columbia; District of Columbia","1062","366",
"1500000US110010040022","Block Group 2; Census Tract 40.02; District of Columbia; District of Columbia","1534","480",
"1500000US110010040023","Block Group 3; Census Tract 40.02; District of Columbia; District of Columbia","478","198",
"1500000US110010041001","Block Group 1; Census Tract 41; District of Columbia; District of Columbia","1085","228",
"1500000US110010041002","Block Group 2; Census Tract 41; District of Columbia; District of Columbia","394","149",
"1500000US110010041003","Block Group 3; Census Tract 41; District of Columbia; District of Columbia","996","342",
"1500000US110010042011","Block Group 1; Census Tract 42.01; District of Columbia; District of Columbia","1017","291",
"1500000US110010042012","Block Group 2; Census Tract 42.01; District of Columbia; District of Columbia","965","303",
"1500000US110010042013","Block Group 3; Census Tract 42.01; District of Columbia; District of Columbia","1359","427",
"1500000US110010042021","Block Group 1; Census Tract 42.02; District of Columbia; District of Columbia","1118","399",
"1500000US110010042022","Block Group 2; Census Tract 42.02; District of Columbia; District of Columbia","1439","177",
"1500000US110010043001","Block Group 1; Census Tract 43; District of Columbia; District of Columbia","559","268",
"1500000US110010043002","Block Group 2; Census Tract 43; District of Columbia; District of Columbia","1660","460",
"1500000US110010043003","Block Group 3; Census Tract 43; District of Columbia; District of Columbia","1555","806",
"1500000US110010043004","Block Group 4; Census Tract 43; District of Columbia; District of Columbia","777","244",
"1500000US110010044011","Block Group 1; Census Tract 44.01; District of Columbia; District of Columbia","1154","332",
"1500000US110010044012","Block Group 2; Census Tract 44.01; District of Columbia; District of Columbia","1678","905",
"1500000US110010044013","Block Group 3; Census Tract 44.01; District of Columbia; District of Columbia","708","230",
"1500000US110010044021","Block Group 1; Census Tract 44.02; District of Columbia; District of Columbia","1204","371",
"1500000US110010044022","Block Group 2; Census Tract 44.02; District of Columbia; District of Columbia","1213","265",
"1500000US110010046001","Block Group 1; Census Tract 46; District of Columbia; District of Columbia","1020","193",
"1500000US110010046002","Block Group 2; Census Tract 46; District of Columbia; District of Columbia","2004","661",
"1500000US110010047021","Block Group 1; Census Tract 47.02; District of Columbia; District of Columbia","664","120",
"1500000US110010047022","Block Group 2; Census Tract 47.02; District of Columbia; District of Columbia","404","135",
"1500000US110010047023","Block Group 3; Census Tract 47.02; District of Columbia; District of Columbia","738","211",
"1500000US110010047024","Block Group 4; Census Tract 47.02; District of Columbia; District of Columbia","617","190",
"1500000US110010047025","Block Group 5; Census Tract 47.02; District of Columbia; District of Columbia","1026","729",
"1500000US110010047031","Block Group 1; Census Tract 47.03; District of Columbia; District of Columbia","594","428",
"1500000US110010047032","Block Group 2; Census Tract 47.03; District of Columbia; District of Columbia","677","310",
"1500000US110010047033","Block Group 3; Census Tract 47.03; District of Columbia; District of Columbia","950","306",
"1500000US110010047034","Block Group 4; Census Tract 47.03; District of Columbia; District of Columbia","926","465",
"1500000US110010047041","Block Group 1; Census Tract 47.04; District of Columbia; District of Columbia","736","194",
"1500000US110010047042","Block Group 2; Census Tract 47.04; District of Columbia; District of Columbia","985","466",
"1500000US110010048011","Block Group 1; Census Tract 48.01; District of Columbia; District of Columbia","441","172",
"1500000US110010048012","Block Group 2; Census Tract 48.01; District of Columbia; District of Columbia","936","213",
"1500000US110010048013","Block Group 3; Census Tract 48.01; District of Columbia; District of Columbia","1221","408",
"1500000US110010048021","Block Group 1; Census Tract 48.02; District of Columbia; District of Columbia","1347","263",
"1500000US110010048022","Block Group 2; Census Tract 48.02; District of Columbia; District of Columbia","1599","708",
"1500000US110010049011","Block Group 1; Census Tract 49.01; District of Columbia; District of Columbia","1054","361",
"1500000US110010049012","Block Group 2; Census Tract 49.01; District of Columbia; District of Columbia","1605","379",
"1500000US110010049013","Block Group 3; Census Tract 49.01; District of Columbia; District of Columbia","656","261",
"1500000US110010049021","Block Group 1; Census Tract 49.02; District of Columbia; District of Columbia","657","198",
"1500000US110010049022","Block Group 2; Census Tract 49.02; District of Columbia; District of Columbia","773","297",
"1500000US110010049023","Block Group 3; Census Tract 49.02; District of Columbia; District of Columbia","1763","345",
"1500000US110010050011","Block Group 1; Census Tract 50.01; District of Columbia; District of Columbia","971","389",
"1500000US110010050012","Block Group 2; Census Tract 50.01; District of Columbia; District of Columbia","1143","303",
"1500000US110010050031","Block Group 1; Census Tract 50.03; District of Columbia; District of Columbia","858","325",
"1500000US110010050032","Block Group 2; Census Tract 50.03; District of Columbia; District of Columbia","980","132",
"1500000US110010050041","Block Group 1; Census Tract 50.04; District of Columbia; District of Columbia","1529","421",
"1500000US110010050042","Block Group 2; Census Tract 50.04; District of Columbia; District of Columbia","1011","269",
"1500000US110010050043","Block Group 3; Census Tract 50.04; District of Columbia; District of Columbia","1210","544",
"1500000US110010052021","Block Group 1; Census Tract 52.02; District of Columbia; District of Columbia","766","361",
"1500000US110010052022","Block Group 2; Census Tract 52.02; District of Columbia; District of Columbia","1309","302",
"1500000US110010052023","Block Group 3; Census Tract 52.02; District of Columbia; District of Columbia","1238","303",
"1500000US110010052031","Block Group 1; Census Tract 52.03; District of Columbia; District of Columbia","891","326",
"1500000US110010052032","Block Group 2; Census Tract 52.03; District of Columbia; District of Columbia","870","252",
"1500000US110010052033","Block Group 3; Census Tract 52.03; District of Columbia; District of Columbia","1281","455",
"1500000US110010053021","Block Group 1; Census Tract 53.02; District of Columbia; District of Columbia","1189","294",
"1500000US110010053022","Block Group 2; Census Tract 53.02; District of Columbia; District of Columbia","692","200",
"1500000US110010053023","Block Group 3; Census Tract 53.02; District of Columbia; District of Columbia","591","233",
"1500000US110010053031","Block Group 1; Census Tract 53.03; District of Columbia; District of Columbia","358","194",
"1500000US110010053032","Block Group 2; Census Tract 53.03; District of Columbia; District of Columbia","925","272",
"1500000US110010053033","Block Group 3; Census Tract 53.03; District of Columbia; District of Columbia","1196","236",
"1500000US110010055011","Block Group 1; Census Tract 55.01; District of Columbia; District of Columbia","1118","288",
"1500000US110010055012","Block Group 2; Census Tract 55.01; District of Columbia; District of Columbia","803","219",
"1500000US110010055021","Block Group 1; Census Tract 55.02; District of Columbia; District of Columbia","820","328",
"1500000US110010055022","Block Group 2; Census Tract 55.02; District of Columbia; District of Columbia","1100","346",
"1500000US110010055023","Block Group 3; Census Tract 55.02; District of Columbia; District of Columbia","567","116",
"1500000US110010055031","Block Group 1; Census Tract 55.03; District of Columbia; District of Columbia","1317","316",
"1500000US110010055032","Block Group 2; Census Tract 55.03; District of Columbia; District of Columbia","842","245",
"1500000US110010056011","Block Group 1; Census Tract 56.01; District of Columbia; District of Columbia","1186","414",
"1500000US110010056012","Block Group 2; Census Tract 56.01; District of Columbia; District of Columbia","476","162",
"1500000US110010056013","Block Group 3; Census Tract 56.01; District of Columbia; District of Columbia","815","199",
"1500000US110010056021","Block Group 1; Census Tract 56.02; District of Columbia; District of Columbia","1012","190",
"1500000US110010056022","Block Group 2; Census Tract 56.02; District of Columbia; District of Columbia","2026","393",
"1500000US110010056023","Block Group 3; Census Tract 56.02; District of Columbia; District of Columbia","967","202",
"1500000US110010058011","Block Group 1; Census Tract 58.01; District of Columbia; District of Columbia","759","181",
"1500000US110010058012","Block Group 2; Census Tract 58.01; District of Columbia; District of Columbia","867","253",
"1500000US110010058021","Block Group 1; Census Tract 58.02; District of Columbia; District of Columbia","0","15",
"1500000US110010058022","Block Group 2; Census Tract 58.02; District of Columbia; District of Columbia","0","15",
"1500000US110010058023","Block Group 3; Census Tract 58.02; District of Columbia; District of Columbia","0","15",
"1500000US110010058024","Block Group 4; Census Tract 58.02; District of Columbia; District of Columbia","850","264",
"1500000US110010058025","Block Group 5; Census Tract 58.02; District of Columbia; District of Columbia","993","236",
"1500000US110010059001","Block Group 1; Census Tract 59; District of Columbia; District of Columbia","1169","243",
"1500000US110010059002","Block Group 2; Census Tract 59; District of Columbia; District of Columbia","1181","301",
"1500000US110010064001","Block Group 1; Census Tract 64; District of Columbia; District of Columbia","1392","366",
"1500000US110010064002","Block Group 2; Census Tract 64; District of Columbia; District of Columbia","1597","551",
"1500000US110010065001","Block Group 1; Census Tract 65; District of Columbia; District of Columbia","668","190",
"1500000US110010065002","Block Group 2; Census Tract 65; District of Columbia; District of Columbia","1893","447",
"1500000US110010066001","Block Group 1; Census Tract 66; District of Columbia; District of Columbia","1008","207",
"1500000US110010066002","Block Group 2; Census Tract 66; District of Columbia; District of Columbia","1117","520",
"1500000US110010067001","Block Group 1; Census Tract 67; District of Columbia; District of Columbia","1075","281",
"1500000US110010067002","Block Group 2; Census Tract 67; District of Columbia; District of Columbia","1077","260",
"1500000US110010067003","Block Group 3; Census Tract 67; District of Columbia; District of Columbia","1687","365",
"1500000US110010068011","Block Group 1; Census Tract 68.01; District of Columbia; District of Columbia","1221","277",
"1500000US110010068012","Block Group 2; Census Tract 68.01; District of Columbia; District of Columbia","928","240",
"1500000US110010068021","Block Group 1; Census Tract 68.02; District of Columbia; District of Columbia","996","587",
"1500000US110010068022","Block Group 2; Census Tract 68.02; District of Columbia; District of Columbia","1404","237",
"1500000US110010068041","Block Group 1; Census Tract 68.04; District of Columbia; District of Columbia","2231","65",
"1500000US110010069001","Block Group 1; Census Tract 69; District of Columbia; District of Columbia","1913","310",
"1500000US110010069002","Block Group 2; Census Tract 69; District of Columbia; District of Columbia","1323","278",
"1500000US110010070001","Block Group 1; Census Tract 70; District of Columbia; District of Columbia","1503","366",
"1500000US110010070002","Block Group 2; Census Tract 70; District of Columbia; District of Columbia","889","202",
"1500000US110010071001","Block Group 1; Census Tract 71; District of Columbia; District of Columbia","806","260",
"1500000US110010071002","Block Group 2; Census Tract 71; District of Columbia; District of Columbia","1183","627",
"1500000US110010071003","Block Group 3; Census Tract 71; District of Columbia; District of Columbia","1164","303",
"1500000US110010072011","Block Group 1; Census Tract 72.01; District of Columbia; District of Columbia","1575","295",
"1500000US110010072012","Block Group 2; Census Tract 72.01; District of Columbia; District of Columbia","1387","425",
"1500000US110010072013","Block Group 3; Census Tract 72.01; District of Columbia; District of Columbia","0","15",
"1500000US110010072014","Block Group 4; Census Tract 72.01; District of Columbia; District of Columbia","331","158",
"1500000US110010072021","Block Group 1; Census Tract 72.02; District of Columbia; District of Columbia","1033","575",
"1500000US110010072022","Block Group 2; Census Tract 72.02; District of Columbia; District of Columbia","2999","595",
"1500000US110010072023","Block Group 3; Census Tract 72.02; District of Columbia; District of Columbia","2059","391",
"1500000US110010072031","Block Group 1; Census Tract 72.03; District of Columbia; District of Columbia","729","377",
"1500000US110010072032","Block Group 2; Census Tract 72.03; District of Columbia; District of Columbia","446","148",
"1500000US110010072033","Block Group 3; Census Tract 72.03; District of Columbia; District of Columbia","1329","340",
"1500000US110010072034","Block Group 4; Census Tract 72.03; District of Columbia; District of Columbia","857","252",
"1500000US110010073011","Block Group 1; Census Tract 73.01; District of Columbia; District of Columbia","1230","377",
"1500000US110010073012","Block Group 2; Census Tract 73.01; District of Columbia; District of Columbia","1790","514",
"1500000US110010073013","Block Group 3; Census Tract 73.01; District of Columbia; District of Columbia","1542","568",
"1500000US110010073041","Block Group 1; Census Tract 73.04; District of Columbia; District of Columbia","760","419",
"1500000US110010073042","Block Group 2; Census Tract 73.04; District of Columbia; District of Columbia","1598","717",
"1500000US110010073043","Block Group 3; Census Tract 73.04; District of Columbia; District of Columbia","676","437",
"1500000US110010073044","Block Group 4; Census Tract 73.04; District of Columbia; District of Columbia","2254","942",
"1500000US110010074011","Block Group 1; Census Tract 74.01; District of Columbia; District of Columbia","81","75",
"1500000US110010074012","Block Group 2; Census Tract 74.01; District of Columbia; District of Columbia","1168","415",
"1500000US110010074031","Block Group 1; Census Tract 74.03; District of Columbia; District of Columbia","1124","587",
"1500000US110010074032","Block Group 2; Census Tract 74.03; District of Columbia; District of Columbia","1852","718",
"1500000US110010074041","Block Group 1; Census Tract 74.04; District of Columbia; District of Columbia","1546","631",
"1500000US110010074042","Block Group 2; Census Tract 74.04; District of Columbia; District of Columbia","1713","675",
"1500000US110010074043","Block Group 3; Census Tract 74.04; District of Columbia; District of Columbia","833","394",
"1500000US110010074061","Block Group 1; Census Tract 74.06; District of Columbia; District of Columbia","1459","473",
"1500000US110010074062","Block Group 2; Census Tract 74.06; District of Columbia; District of Columbia","1022","711",
"1500000US110010074071","Block Group 1; Census Tract 74.07; District of Columbia; District of Columbia","867","371",
"1500000US110010074072","Block Group 2; Census Tract 74.07; District of Columbia; District of Columbia","1099","621",
"1500000US110010074073","Block Group 3; Census Tract 74.07; District of Columbia; District of Columbia","1507","440",
"1500000US110010074081","Block Group 1; Census Tract 74.08; District of Columbia; District of Columbia","1893","570",
"1500000US110010074082","Block Group 2; Census Tract 74.08; District of Columbia; District of Columbia","2388","1249",
"1500000US110010074091","Block Group 1; Census Tract 74.09; District of Columbia; District of Columbia","1097","647",
"1500000US110010074092","Block Group 2; Census Tract 74.09; District of Columbia; District of Columbia","1283","405",
"1500000US110010074093","Block Group 3; Census Tract 74.09; District of Columbia; District of Columbia","1191","685",
"1500000US110010075021","Block Group 1; Census Tract 75.02; District of Columbia; District of Columbia","2866","829",
"1500000US110010075022","Block Group 2; Census Tract 75.02; District of Columbia; District of Columbia","657","422",
"1500000US110010075023","Block Group 3; Census Tract 75.02; District of Columbia; District of Columbia","736","396",
"1500000US110010075031","Block Group 1; Census Tract 75.03; District of Columbia; District of Columbia","1242","567",
"1500000US110010075032","Block Group 2; Census Tract 75.03; District of Columbia; District of Columbia","946","327",
"1500000US110010075041","Block Group 1; Census Tract 75.04; District of Columbia; District of Columbia","1457","608",
"1500000US110010075042","Block Group 2; Census Tract 75.04; District of Columbia; District of Columbia","1574","636",
"1500000US110010076011","Block Group 1; Census Tract 76.01; District of Columbia; District of Columbia","620","405",
"1500000US110010076012","Block Group 2; Census Tract 76.01; District of Columbia; District of Columbia","521","347",
"1500000US110010076013","Block Group 3; Census Tract 76.01; District of Columbia; District of Columbia","1184","629",
"1500000US110010076014","Block Group 4; Census Tract 76.01; District of Columbia; District of Columbia","1189","576",
"1500000US110010076015","Block Group 5; Census Tract 76.01; District of Columbia; District of Columbia","726","414",
"1500000US110010076031","Block Group 1; Census Tract 76.03; District of Columbia; District of Columbia","1078","437",
"1500000US110010076032","Block Group 2; Census Tract 76.03; District of Columbia; District of Columbia","1090","541",
"1500000US110010076033","Block Group 3; Census Tract 76.03; District of Columbia; District of Columbia","251","179",
"1500000US110010076034","Block Group 4; Census Tract 76.03; District of Columbia; District of Columbia","2100","986",
"1500000US110010076041","Block Group 1; Census Tract 76.04; District of Columbia; District of Columbia","521","202",
"1500000US110010076042","Block Group 2; Census Tract 76.04; District of Columbia; District of Columbia","1117","357",
"1500000US110010076043","Block Group 3; Census Tract 76.04; District of Columbia; District of Columbia","731","292",
"1500000US110010076044","Block Group 4; Census Tract 76.04; District of Columbia; District of Columbia","1660","675",
"1500000US110010076051","Block Group 1; Census Tract 76.05; District of Columbia; District of Columbia","616","307",
"1500000US110010076052","Block Group 2; Census Tract 76.05; District of Columbia; District of Columbia","1230","511",
"1500000US110010076053","Block Group 3; Census Tract 76.05; District of Columbia; District of Columbia","1316","532",
"1500000US110010076054","Block Group 4; Census Tract 76.05; District of Columbia; District of Columbia","767","265",
"1500000US110010077031","Block Group 1; Census Tract 77.03; District of Columbia; District of Columbia","1359","950",
"1500000US110010077032","Block Group 2; Census Tract 77.03; District of Columbia; District of Columbia","629","407",
"1500000US110010077033","Block Group 3; Census Tract 77.03; District of Columbia; District of Columbia","3348","1173",
"1500000US110010077034","Block Group 4; Census Tract 77.03; District of Columbia; District of Columbia","1742","1321",
"1500000US110010077071","Block Group 1; Census Tract 77.07; District of Columbia; District of Columbia","1442","674",
"1500000US110010077072","Block Group 2; Census Tract 77.07; District of Columbia; District of Columbia","698","361",
"1500000US110010077073","Block Group 3; Census Tract 77.07; District of Columbia; District of Columbia","2233","691",
"1500000US110010077081","Block Group 1; Census Tract 77.08; District of Columbia; District of Columbia","482","223",
"1500000US110010077082","Block Group 2; Census Tract 77.08; District of Columbia; District of Columbia","2179","804",
"1500000US110010077091","Block Group 1; Census Tract 77.09; District of Columbia; District of Columbia","962","361",
"1500000US110010077092","Block Group 2; Census Tract 77.09; District of Columbia; District of Columbia","1061","564",
"1500000US110010078031","Block Group 1; Census Tract 78.03; District of Columbia; District of Columbia","1690","878",
"1500000US110010078032","Block Group 2; Census Tract 78.03; District of Columbia; District of Columbia","330","214",
"1500000US110010078033","Block Group 3; Census Tract 78.03; District of Columbia; District of Columbia","809","358",
"1500000US110010078034","Block Group 4; Census Tract 78.03; District of Columbia; District of Columbia","1866","580",
"1500000US110010078041","Block Group 1; Census Tract 78.04; District of Columbia; District of Columbia","1900","874",
"1500000US110010078042","Block Group 2; Census Tract 78.04; District of Columbia; District of Columbia","1183","790",
"1500000US110010078043","Block Group 3; Census Tract 78.04; District of Columbia; District of Columbia","788","435",
"1500000US110010078061","Block Group 1; Census Tract 78.06; District of Columbia; District of Columbia","873","277",
"1500000US110010078062","Block Group 2; Census Tract 78.06; District of Columbia; District of Columbia","1452","448",
"1500000US110010078071","Block Group 1; Census Tract 78.07; District of Columbia; District of Columbia","1323","407",
"1500000US110010078072","Block Group 2; Census Tract 78.07; District of Columbia; District of Columbia","1154","593",
"1500000US110010078081","Block Group 1; Census Tract 78.08; District of Columbia; District of Columbia","1411","723",
"1500000US110010078082","Block Group 2; Census Tract 78.08; District of Columbia; District of Columbia","1614","1119",
"1500000US110010078083","Block Group 3; Census Tract 78.08; District of Columbia; District of Columbia","1387","613",
"1500000US110010078091","Block Group 1; Census Tract 78.09; District of Columbia; District of Columbia","1476","584",
"1500000US110010078092","Block Group 2; Census Tract 78.09; District of Columbia; District of Columbia","1241","326",
"1500000US110010079011","Block Group 1; Census Tract 79.01; District of Columbia; District of Columbia","621","320",
"1500000US110010079012","Block Group 2; Census Tract 79.01; District of Columbia; District of Columbia","1255","579",
"1500000US110010079013","Block Group 3; Census Tract 79.01; District of Columbia; District of Columbia","1340","753",
"1500000US110010079014","Block Group 4; Census Tract 79.01; District of Columbia; District of Columbia","934","394",
"1500000US110010079031","Block Group 1; Census Tract 79.03; District of Columbia; District of Columbia","2045","323",
"1500000US110010080011","Block Group 1; Census Tract 80.01; District of Columbia; District of Columbia","465","220",
"1500000US110010080012","Block Group 2; Census Tract 80.01; District of Columbia; District of Columbia","1450","295",
"1500000US110010080013","Block Group 3; Census Tract 80.01; District of Columbia; District of Columbia","1114","354",
"1500000US110010080021","Block Group 1; Census Tract 80.02; District of Columbia; District of Columbia","1551","343",
"1500000US110010080022","Block Group 2; Census Tract 80.02; District of Columbia; District of Columbia","1762","369",
"1500000US110010081001","Block Group 1; Census Tract 81; District of Columbia; District of Columbia","566","169",
"1500000US110010081002","Block Group 2; Census Tract 81; District of Columbia; District of Columbia","1756","506",
"1500000US110010081003","Block Group 3; Census Tract 81; District of Columbia; District of Columbia","853","263",
"1500000US110010082001","Block Group 1; Census Tract 82; District of Columbia; District of Columbia","549","190",
"1500000US110010082002","Block Group 2; Census Tract 82; District of Columbia; District of Columbia","738","226",
"1500000US110010082003","Block Group 3; Census Tract 82; District of Columbia; District of Columbia","724","325",
"1500000US110010082004","Block Group 4; Census Tract 82; District of Columbia; District of Columbia","650","191",
"1500000US110010083011","Block Group 1; Census Tract 83.01; District of Columbia; District of Columbia","1678","310",
"1500000US110010083012","Block Group 2; Census Tract 83.01; District of Columbia; District of Columbia","1190","232",
"1500000US110010083021","Block Group 1; Census Tract 83.02; District of Columbia; District of Columbia","902","265",
"1500000US110010083022","Block Group 2; Census Tract 83.02; District of Columbia; District of Columbia","889","228",
"1500000US110010083023","Block Group 3; Census Tract 83.02; District of Columbia; District of Columbia","1041","416",
"1500000US110010084021","Block Group 1; Census Tract 84.02; District of Columbia; District of Columbia","925","237",
"1500000US110010084022","Block Group 2; Census Tract 84.02; District of Columbia; District of Columbia","1736","303",
"1500000US110010084101","Block Group 1; Census Tract 84.10; District of Columbia; District of Columbia","2025","390",
"1500000US110010087011","Block Group 1; Census Tract 87.01; District of Columbia; District of Columbia","1642","298",
"1500000US110010087012","Block Group 2; Census Tract 87.01; District of Columbia; District of Columbia","974","431",
"1500000US110010087021","Block Group 1; Census Tract 87.02; District of Columbia; District of Columbia","1569","492",
"1500000US110010087022","Block Group 2; Census Tract 87.02; District of Columbia; District of Columbia","947","276",
"1500000US110010087023","Block Group 3; Census Tract 87.02; District of Columbia; District of Columbia","1156","313",
"1500000US110010088021","Block Group 1; Census Tract 88.02; District of Columbia; District of Columbia","1410","829",
"1500000US110010088022","Block Group 2; Census Tract 88.02; District of Columbia; District of Columbia","993","313",
"1500000US110010088023","Block Group 3; Census Tract 88.02; District of Columbia; District of Columbia","1199","468",
"1500000US110010088024","Block Group 4; Census Tract 88.02; District of Columbia; District of Columbia","1376","599",
"1500000US110010088031","Block Group 1; Census Tract 88.03; District of Columbia; District of Columbia","2529","598",
"1500000US110010088032","Block Group 2; Census Tract 88.03; District of Columbia; District of Columbia","2553","373",
"1500000US110010088041","Block Group 1; Census Tract 88.04; District of Columbia; District of Columbia","924","501",
"1500000US110010088042","Block Group 2; Census Tract 88.04; District of Columbia; District of Columbia","1687","536",
"1500000US110010089031","Block Group 1; Census Tract 89.03; District of Columbia; District of Columbia","1197","720",
"1500000US110010089032","Block Group 2; Census Tract 89.03; District of Columbia; District of Columbia","1468","681",
"1500000US110010089033","Block Group 3; Census Tract 89.03; District of Columbia; District of Columbia","1162","778",
"1500000US110010089041","Block Group 1; Census Tract 89.04; District of Columbia; District of Columbia","1496","728",
"1500000US110010089042","Block Group 2; Census Tract 89.04; District of Columbia; District of Columbia","1728","609",
"1500000US110010089043","Block Group 3; Census Tract 89.04; District of Columbia; District of Columbia","516","248",
"1500000US110010090001","Block Group 1; Census Tract 90; District of Columbia; District of Columbia","1422","539",
"1500000US110010090002","Block Group 2; Census Tract 90; District of Columbia; District of Columbia","1824","465",
"1500000US110010090003","Block Group 3; Census Tract 90; District of Columbia; District of Columbia","530","303",
"1500000US110010091021","Block Group 1; Census Tract 91.02; District of Columbia; District of Columbia","1560","548",
"1500000US110010091022","Block Group 2; Census Tract 91.02; District of Columbia; District of Columbia","564","285",
"1500000US110010091023","Block Group 3; Census Tract 91.02; District of Columbia; District of Columbia","1282","520",
"1500000US110010091024","Block Group 4; Census Tract 91.02; District of Columbia; District of Columbia","916","423",
"1500000US110010092011","Block Group 1; Census Tract 92.01; District of Columbia; District of Columbia","1113","409",
"1500000US110010092012","Block Group 2; Census Tract 92.01; District of Columbia; District of Columbia","2121","314",
"1500000US110010092031","Block Group 1; Census Tract 92.03; District of Columbia; District of Columbia","714","260",
"1500000US110010092032","Block Group 2; Census Tract 92.03; District of Columbia; District of Columbia","2606","802",
"1500000US110010092041","Block Group 1; Census Tract 92.04; District of Columbia; District of Columbia","1019","336",
"1500000US110010092042","Block Group 2; Census Tract 92.04; District of Columbia; District of Columbia","2349","627",
"1500000US110010093011","Block Group 1; Census Tract 93.01; District of Columbia; District of Columbia","829","418",
"1500000US110010093012","Block Group 2; Census Tract 93.01; District of Columbia; District of Columbia","1389","331",
"1500000US110010093013","Block Group 3; Census Tract 93.01; District of Columbia; District of Columbia","1087","385",
"1500000US110010093014","Block Group 4; Census Tract 93.01; District of Columbia; District of Columbia","437","178",
"1500000US110010093021","Block Group 1; Census Tract 93.02; District of Columbia; District of Columbia","1987","314",
"1500000US110010094001","Block Group 1; Census Tract 94; District of Columbia; District of Columbia","605","265",
"1500000US110010094002","Block Group 2; Census Tract 94; District of Columbia; District of Columbia","2081","545",
"1500000US110010094003","Block Group 3; Census Tract 94; District of Columbia; District of Columbia","1076","339",
"1500000US110010094004","Block Group 4; Census Tract 94; District of Columbia; District of Columbia","959","642",
"1500000US110010095031","Block Group 1; Census Tract 95.03; District of Columbia; District of Columbia","1680","520",
"1500000US110010095032","Block Group 2; Census Tract 95.03; District of Columbia; District of Columbia","427","180",
"1500000US110010095033","Block Group 3; Census Tract 95.03; District of Columbia; District of Columbia","804","376",
"1500000US110010095041","Block Group 1; Census Tract 95.04; District of Columbia; District of Columbia","1711","428",
"1500000US110010095042","Block Group 2; Census Tract 95.04; District of Columbia; District of Columbia","1570","274",
"1500000US110010095051","Block Group 1; Census Tract 95.05; District of Columbia; District of Columbia","917","350",
"1500000US110010095052","Block Group 2; Census Tract 95.05; District of Columbia; District of Columbia","1361","378",
"1500000US110010095053","Block Group 3; Census Tract 95.05; District of Columbia; District of Columbia","2215","681",
"1500000US110010095071","Block Group 1; Census Tract 95.07; District of Columbia; District of Columbia","1635","325",
"1500000US110010095081","Block Group 1; Census Tract 95.08; District of Columbia; District of Columbia","1903","855",
"1500000US110010095082","Block Group 2; Census Tract 95.08; District of Columbia; District of Columbia","1350","402",
"1500000US110010095083","Block Group 3; Census Tract 95.08; District of Columbia; District of Columbia","175","103",
"1500000US110010095084","Block Group 4; Census Tract 95.08; District of Columbia; District of Columbia","502","249",
"1500000US110010095091","Block Group 1; Census Tract 95.09; District of Columbia; District of Columbia","904","243",
"1500000US110010095092","Block Group 2; Census Tract 95.09; District of Columbia; District of Columbia","908","306",
"1500000US110010095093","Block Group 3; Census Tract 95.09; District of Columbia; District of Columbia","1264","329",
"1500000US110010095101","Block Group 1; Census Tract 95.10; District of Columbia; District of Columbia","2359","515",
"1500000US110010095102","Block Group 2; Census Tract 95.10; District of Columbia; District of Columbia","693","393",
"1500000US110010095103","Block Group 3; Census Tract 95.10; District of Columbia; District of Columbia","1856","842",
"1500000US110010095111","Block Group 1; Census Tract 95.11; District of Columbia; District of Columbia","1645","57",
"1500000US110010096011","Block Group 1; Census Tract 96.01; District of Columbia; District of Columbia","2288","475",
"1500000US110010096021","Block Group 1; Census Tract 96.02; District of Columbia; District of Columbia","0","15",
"1500000US110010096022","Block Group 2; Census Tract 96.02; District of Columbia; District of Columbia","4784","876",
"1500000US110010096023","Block Group 3; Census Tract 96.02; District of Columbia; District of Columbia","1038","337",
"1500000US110010096031","Block Group 1; Census Tract 96.03; District of Columbia; District of Columbia","1208","440",
"1500000US110010096032","Block Group 2; Census Tract 96.03; District of Columbia; District of Columbia","923","514",
"1500000US110010096033","Block Group 3; Census Tract 96.03; District of Columbia; District of Columbia","1467","453",
"1500000US110010096041","Block Group 1; Census Tract 96.04; District of Columbia; District of Columbia","853","200",
"1500000US110010096042","Block Group 2; Census Tract 96.04; District of Columbia; District of Columbia","1117","533",
"1500000US110010097001","Block Group 1; Census Tract 97; District of Columbia; District of Columbia","507","255",
"1500000US110010097002","Block Group 2; Census Tract 97; District of Columbia; District of Columbia","1660","559",
"1500000US110010097003","Block Group 3; Census Tract 97; District of Columbia; District of Columbia","1070","620",
"1500000US110010098011","Block Group 1; Census Tract 98.01; District of Columbia; District of Columbia","1844","394",
"1500000US110010098021","Block Group 1; Census Tract 98.02; District of Columbia; District of Columbia","1286","501",
"1500000US110010098022","Block Group 2; Census Tract 98.02; District of Columbia; District of Columbia","1000","364",
"1500000US110010098031","Block Group 1; Census Tract 98.03; District of Columbia; District of Columbia","300","227",
"1500000US110010098032","Block Group 2; Census Tract 98.03; District of Columbia; District of Columbia","1054","546",
"1500000US110010098033","Block Group 3; Census Tract 98.03; District of Columbia; District of Columbia","1451","755",
"1500000US110010098041","Block Group 1; Census Tract 98.04; District of Columbia; District of Columbia","1543","550",
"1500000US110010098042","Block Group 2; Census Tract 98.04; District of Columbia; District of Columbia","1446","399",
"1500000US110010098071","Block Group 1; Census Tract 98.07; District of Columbia; District of Columbia","807","342",
"1500000US110010098072","Block Group 2; Census Tract 98.07; District of Columbia; District of Columbia","1919","765",
"1500000US110010098073","Block Group 3; Census Tract 98.07; District of Columbia; District of Columbia","748","382",
"1500000US110010098101","Block Group 1; Census Tract 98.10; District of Columbia; District of Columbia","1458","792",
"1500000US110010098102","Block Group 2; Census Tract 98.10; District of Columbia; District of Columbia","651","368",
"1500000US110010098111","Block Group 1; Census Tract 98.11; District of Columbia; District of Columbia","1653","752",
"1500000US110010098112","Block Group 2; Census Tract 98.11; District of Columbia; District of Columbia","1945","647",
"1500000US110010098113","Block Group 3; Census Tract 98.11; District of Columbia; District of Columbia","864","677",
"1500000US110010099011","Block Group 1; Census Tract 99.01; District of Columbia; District of Columbia","523","214",
"1500000US110010099012","Block Group 2; Census Tract 99.01; District of Columbia; District of Columbia","1557","350",
"1500000US110010099021","Block Group 1; Census Tract 99.02; District of Columbia; District of Columbia","820","273",
"1500000US110010099022","Block Group 2; Census Tract 99.02; District of Columbia; District of Columbia","2186","910",
"1500000US110010099031","Block Group 1; Census Tract 99.03; District of Columbia; District of Columbia","1046","471",
"1500000US110010099032","Block Group 2; Census Tract 99.03; District of Columbia; District of Columbia","1082","355",
"1500000US110010099041","Block Group 1; Census Tract 99.04; District of Columbia; District of Columbia","828","436",
"1500000US110010099042","Block Group 2; Census Tract 99.04; District of Columbia; District of Columbia","1588","738",
"1500000US110010099043","Block Group 3; Census Tract 99.04; District of Columbia; District of Columbia","910","417",
"1500000US110010099051","Block Group 1; Census Tract 99.05; District of Columbia; District of Columbia","1650","622",
"1500000US110010099052","Block Group 2; Census Tract 99.05; District of Columbia; District of Columbia","849","352",
"1500000US110010099053","Block Group 3; Census Tract 99.05; District of Columbia; District of Columbia","1063","570",
"1500000US110010099061","Block Group 1; Census Tract 99.06; District of Columbia; District of Columbia","1588","356",
"1500000US110010099071","Block Group 1; Census Tract 99.07; District of Columbia; District of Columbia","410","163",
"1500000US110010099072","Block Group 2; Census Tract 99.07; District of Columbia; District of Columbia","1657","565",
"1500000US110010101001","Block Group 1; Census Tract 101; District of Columbia; District of Columbia","796","199",
"1500000US110010101002","Block Group 2; Census Tract 101; District of Columbia; District of Columbia","798","194",
"1500000US110010101003","Block Group 3; Census Tract 101; District of Columbia; District of Columbia","997","419",
"1500000US110010102011","Block Group 1; Census Tract 102.01; District of Columbia; District of Columbia","1327","318",
"1500000US110010102012","Block Group 2; Census Tract 102.01; District of Columbia; District of Columbia","619","207",
"1500000US110010102013","Block Group 3; Census Tract 102.01; District of Columbia; District of Columbia","657","408",
"1500000US110010102021","Block Group 1; Census Tract 102.02; District of Columbia; District of Columbia","0","15",
"1500000US110010102022","Block Group 2; Census Tract 102.02; District of Columbia; District of Columbia","1060","308",
"1500000US110010102023","Block Group 3; Census Tract 102.02; District of Columbia; District of Columbia","0","15",
"1500000US110010102024","Block Group 4; Census Tract 102.02; District of Columbia; District of Columbia","84","59",
"1500000US110010102025","Block Group 5; Census Tract 102.02; District of Columbia; District of Columbia","1658","483",
"1500000US110010102026","Block Group 6; Census Tract 102.02; District of Columbia; District of Columbia","0","15",
"1500000US110010103001","Block Group 1; Census Tract 103; District of Columbia; District of Columbia","1445","425",
"1500000US110010103002","Block Group 2; Census Tract 103; District of Columbia; District of Columbia","1562","544",
"1500000US110010103003","Block Group 3; Census Tract 103; District of Columbia; District of Columbia","1256","467",
"1500000US110010104001","Block Group 1; Census Tract 104; District of Columbia; District of Columbia","1792","651",
"1500000US110010104002","Block Group 2; Census Tract 104; District of Columbia; District of Columbia","1094","391",
"1500000US110010104003","Block Group 3; Census Tract 104; District of Columbia; District of Columbia","1903","470",
"1500000US110010105001","Block Group 1; Census Tract 105; District of Columbia; District of Columbia","0","15",
"1500000US110010105002","Block Group 2; Census Tract 105; District of Columbia; District of Columbia","2263","566",
"1500000US110010105003","Block Group 3; Census Tract 105; District of Columbia; District of Columbia","1213","331",
"1500000US110010105004","Block Group 4; Census Tract 105; District of Columbia; District of Columbia","0","15",
"1500000US110010105005","Block Group 5; Census Tract 105; District of Columbia; District of Columbia","725","324",
"1500000US110010106011","Block Group 1; Census Tract 106.01; District of Columbia; District of Columbia","1270","241",
"1500000US110010106012","Block Group 2; Census Tract 106.01; District of Columbia; District of Columbia","856","322",
"1500000US110010106021","Block Group 1; Census Tract 106.02; District of Columbia; District of Columbia","1303","527",
"1500000US110010106022","Block Group 2; Census Tract 106.02; District of Columbia; District of Columbia","936","288",
"1500000US110010106023","Block Group 3; Census Tract 106.02; District of Columbia; District of Columbia","1960","644",
"1500000US110010106024","Block Group 4; Census Tract 106.02; District of Columbia; District of Columbia","3179","685",
"1500000US110010106031","Block Group 1; Census Tract 106.03; District of Columbia; District of Columbia","0","15",
"1500000US110010106032","Block Group 2; Census Tract 106.03; District of Columbia; District of Columbia","1250","510",
"1500000US110010106033","Block Group 3; Census Tract 106.03; District of Columbia; District of Columbia","1609","279",
"1500000US110010107001","Block Group 1; Census Tract 107; District of Columbia; District of Columbia","521","143",
"1500000US110010107002","Block Group 2; Census Tract 107; District of Columbia; District of Columbia","1141","360",
"1500000US110010108001","Block Group 1; Census Tract 108; District of Columbia; District of Columbia","1406","240",
"1500000US110010108002","Block Group 2; Census Tract 108; District of Columbia; District of Columbia","0","15",
"1500000US110010108003","Block Group 3; Census Tract 108; District of Columbia; District of Columbia","1821","326",
"1500000US110010108004","Block Group 4; Census Tract 108; District of Columbia; District of Columbia","0","15",
"1500000US110010108005","Block Group 5; Census Tract 108; District of Columbia; District of Columbia","0","15",
"1500000US110010108006","Block Group 6; Census Tract 108; District of Columbia; District of Columbia","2137","397",
"1500000US110010109001","Block Group 1; Census Tract 109; District of Columbia; District of Columbia","1693","397",
"1500000US110010109002","Block Group 2; Census Tract 109; District of Columbia; District of Columbia","1765","797",
"1500000US110010110011","Block Group 1; Census Tract 110.01; District of Columbia; District of Columbia","403","301",
"1500000US110010110012","Block Group 2; Census Tract 110.01; District of Columbia; District of Columbia","1467","381",
"1500000US110010110013","Block Group 3; Census Tract 110.01; District of Columbia; District of Columbia","475","148",
"1500000US110010110021","Block Group 1; Census Tract 110.02; District of Columbia; District of Columbia","809","175",
"1500000US110010110022","Block Group 2; Census Tract 110.02; District of Columbia; District of Columbia","631","125",
"1500000US110010111001","Block Group 1; Census Tract 111; District of Columbia; District of Columbia","1410","485",
"1500000US110010111002","Block Group 2; Census Tract 111; District of Columbia; District of Columbia","1784","557",
"1500000US110010111003","Block Group 3; Census Tract 111; District of Columbia; District of Columbia","1834","462",
"1500000US110019800001","Block Group 1; Census Tract 9800; District of Columbia; District of Columbia","17","25",
"1500000US110010001011","Block Group 1; Census Tract 1.01; District of Columbia; District of Columbia","1262","167",
"1500000US110010001021","Block Group 1; Census Tract 1.02; District of Columbia; District of Columbia","1181","269",
"1500000US110010001022","Block Group 2; Census Tract 1.02; District of Columbia; District of Columbia","1026","298",
"1500000US110010001023","Block Group 3; Census Tract 1.02; District of Columbia; District of Columbia","774","304",
"1500000US110010002011","Block Group 1; Census Tract 2.01; District of Columbia; District of Columbia","0","15",
"1500000US110010002012","Block Group 2; Census Tract 2.01; District of Columbia; District of Columbia","3229","38",
"1500000US110010002021","Block Group 1; Census Tract 2.02; District of Columbia; District of Columbia","795","284",
"1500000US110010002022","Block Group 2; Census Tract 2.02; District of Columbia; District of Columbia","664","214",
"1500000US110010002023","Block Group 3; Census Tract 2.02; District of Columbia; District of Columbia","750","391",
"1500000US110010002024","Block Group 4; Census Tract 2.02; District of Columbia; District of Columbia","1859","334",
"1500000US110010003001","Block Group 1; Census Tract 3; District of Columbia; District of Columbia","1143","346",
"1500000US110010003002","Block Group 2; Census Tract 3; District of Columbia; District of Columbia","1737","506",
"1500000US110010003003","Block Group 3; Census Tract 3; District of Columbia; District of Columbia","1828","581",
"1500000US110010003004","Block Group 4; Census Tract 3; District of Columbia; District of Columbia","1280","376",
"1500000US110010004001","Block Group 1; Census Tract 4; District of Columbia; District of Columbia","593","158",
"1500000US110010004002","Block Group 2; Census Tract 4; District of Columbia; District of Columbia","1162","291",
"1500000US110010005011","Block Group 1; Census Tract 5.01; District of Columbia; District of Columbia","1229","362",
"1500000US110010005012","Block Group 2; Census Tract 5.01; District of Columbia; District of Columbia","1173","266",
"1500000US110010005013","Block Group 3; Census Tract 5.01; District of Columbia; District of Columbia","1208","351",
"1500000US110010005021","Block Group 1; Census Tract 5.02; District of Columbia; District of Columbia","1890","357",
"1500000US110010005022","Block Group 2; Census Tract 5.02; District of Columbia; District of Columbia","1715","508",
"1500000US110010006001","Block Group 1; Census Tract 6; District of Columbia; District of Columbia","1072","308",
"1500000US110010006002","Block Group 2; Census Tract 6; District of Columbia; District of Columbia","807","284",
"1500000US110010006003","Block Group 3; Census Tract 6; District of Columbia; District of Columbia","627","292",
"1500000US110010006004","Block Group 4; Census Tract 6; District of Columbia; District of Columbia","1910","475",
"1500000US110010007021","Block Group 1; Census Tract 7.02; District of Columbia; District of Columbia","1043","262",
"1500000US110010007022","Block Group 2; Census Tract 7.02; District of Columbia; District of Columbia","1257","458",
"1500000US110010007023","Block Group 3; Census Tract 7.02; District of Columbia; District of Columbia","958","341",
"1500000US110010007031","Block Group 1; Census Tract 7.03; District of Columbia; District of Columbia","1246","333",
"1500000US110010007032","Block Group 2; Census Tract 7.03; District of Columbia; District of Columbia","1542","226",
"1500000US110010007041","Block Group 1; Census Tract 7.04; District of Columbia; District of Columbia","1502","379",
"1500000US110010007042","Block Group 2; Census Tract 7.04; District of Columbia; District of Columbia","1125","290",
"1500000US110010008021","Block Group 1; Census Tract 8.02; District of Columbia; District of Columbia","2363","473",
"1500000US110010008022","Block Group 2; Census Tract 8.02; District of Columbia; District of Columbia","648","189",
"1500000US110010008031","Block Group 1; Census Tract 8.03; District of Columbia; District of Columbia","822","208",
"1500000US110010008032","Block Group 2; Census Tract 8.03; District of Columbia; District of Columbia","680","190",
"1500000US110010008033","Block Group 3; Census Tract 8.03; District of Columbia; District of Columbia","1275","367",
"1500000US110010008041","Block Group 1; Census Tract 8.04; District of Columbia; District of Columbia","1104","353",
"1500000US110010008042","Block Group 2; Census Tract 8.04; District of Columbia; District of Columbia","1160","262",
"1500000US110010008043","Block Group 3; Census Tract 8.04; District of Columbia; District of Columbia","1563","649",
"1500000US110010009021","Block Group 1; Census Tract 9.02; District of Columbia; District of Columbia","720","164",
"1500000US110010009022","Block Group 2; Census Tract 9.02; District of Columbia; District of Columbia","1441","419",
"1500000US110010009031","Block Group 1; Census Tract 9.03; District of Columbia; District of Columbia","2455","61",
"1500000US110010009032","Block Group 2; Census Tract 9.03; District of Columbia; District of Columbia","1123","164",
"1500000US110010009041","Block Group 1; Census Tract 9.04; District of Columbia; District of Columbia","1817","442",
"1500000US110010009042","Block Group 2; Census Tract 9.04; District of Columbia; District of Columbia","1306","268",
"1500000US110010010021","Block Group 1; Census Tract 10.02; District of Columbia; District of Columbia","613","202",
"1500000US110010010022","Block Group 2; Census Tract 10.02; District of Columbia; District of Columbia","811","364",
"1500000US110010010023","Block Group 3; Census Tract 10.02; District of Columbia; District of Columbia","1067","470",
"1500000US110010010024","Block Group 4; Census Tract 10.02; District of Columbia; District of Columbia","1097","410",
"1500000US110010010031","Block Group 1; Census Tract 10.03; District of Columbia; District of Columbia","1060","258",
"1500000US110010010032","Block Group 2; Census Tract 10.03; District of Columbia; District of Columbia","805","536",
"1500000US110010010033","Block Group 3; Census Tract 10.03; District of Columbia; District of Columbia","1129","226",
"1500000US110010010041","Block Group 1; Census Tract 10.04; District of Columbia; District of Columbia","636","241",
"1500000US110010010042","Block Group 2; Census Tract 10.04; District of Columbia; District of Columbia","1941","347",
"1500000US110010010043","Block Group 3; Census Tract 10.04; District of Columbia; District of Columbia","1361","343",
"1500000US110010011001","Block Group 1; Census Tract 11; District of Columbia; District of Columbia","1693","385",
"1500000US110010011002","Block Group 2; Census Tract 11; District of Columbia; District of Columbia","1323","334",
"1500000US110010011003","Block Group 3; Census Tract 11; District of Columbia; District of Columbia","529","255",
"1500000US110010011004","Block Group 4; Census Tract 11; District of Columbia; District of Columbia","1457","568",
"1500000US110010012001","Block Group 1; Census Tract 12; District of Columbia; District of Columbia","1897","509",
"1500000US110010012002","Block Group 2; Census Tract 12; District of Columbia; District of Columbia","1126","289",
"1500000US110010012003","Block Group 3; Census Tract 12; District of Columbia; District of Columbia","900","361",
"1500000US110010012004","Block Group 4; Census Tract 12; District of Columbia; District of Columbia","959","265",
"1500000US110010013011","Block Group 1; Census Tract 13.01; District of Columbia; District of Columbia","1702","440",
"1500000US110010013012","Block Group 2; Census Tract 13.01; District of Columbia; District of Columbia","607","265",
"1500000US110010013013","Block Group 3; Census Tract 13.01; District of Columbia; District of Columbia","862","364",
"1500000US110010013014","Block Group 4; Census Tract 13.01; District of Columbia; District of Columbia","871","299",
"1500000US110010013031","Block Group 1; Census Tract 13.03; District of Columbia; District of Columbia","995","240",
"1500000US110010013032","Block Group 2; Census Tract 13.03; District of Columbia; District of Columbia","923","319",
"1500000US110010013033","Block Group 3; Census Tract 13.03; District of Columbia; District of Columbia","1008","363",
"1500000US110010013034","Block Group 4; Census Tract 13.03; District of Columbia; District of Columbia","792","358",
"1500000US110010013041","Block Group 1; Census Tract 13.04; District of Columbia; District of Columbia","1203","266",
"1500000US110010013042","Block Group 2; Census Tract 13.04; District of Columbia; District of Columbia","842","279",
"1500000US110010013043","Block Group 3; Census Tract 13.04; District of Columbia; District of Columbia","714","189",
"1500000US110010013044","Block Group 4; Census Tract 13.04; District of Columbia; District of Columbia","1064","550",
"1500000US110010014011","Block Group 1; Census Tract 14.01; District of Columbia; District of Columbia","1801","323",
"1500000US110010014012","Block Group 2; Census Tract 14.01; District of Columbia; District of Columbia","1477","523",
"1500000US110010014021","Block Group 1; Census Tract 14.02; District of Columbia; District of Columbia","980","215",
"1500000US110010014022","Block Group 2; Census Tract 14.02; District of Columbia; District of Columbia","990","220",
"1500000US110010014023","Block Group 3; Census Tract 14.02; District of Columbia; District of Columbia","1551","391",
"1500000US110010015001","Block Group 1; Census Tract 15; District of Columbia; District of Columbia","1585","651",
"1500000US110010015002","Block Group 2; Census Tract 15; District of Columbia; District of Columbia","696","179",
"1500000US110010015003","Block Group 3; Census Tract 15; District of Columbia; District of Columbia","629","260",
"1500000US110010015004","Block Group 4; Census Tract 15; District of Columbia; District of Columbia","1398","381",
"1500000US110010015005","Block Group 5; Census Tract 15; District of Columbia; District of Columbia","1299","591",
"1500000US110010016001","Block Group 1; Census Tract 16; District of Columbia; District of Columbia","1543","533",
"1500000US110010016002","Block Group 2; Census Tract 16; District of Columbia; District of Columbia","430","179",
"1500000US110010016003","Block Group 3; Census Tract 16; District of Columbia; District of Columbia","993","330",
"1500000US110010016004","Block Group 4; Census Tract 16; District of Columbia; District of Columbia","1923","493",
"1500000US110010017021","Block Group 1; Census Tract 17.02; District of Columbia; District of Columbia","1489","351",
"1500000US110010017022","Block Group 2; Census Tract 17.02; District of Columbia; District of Columbia","1928","454",
"1500000US110010018031","Block Group 1; Census Tract 18.03; District of Columbia; District of Columbia","1061","539",
"1500000US110010018032","Block Group 2; Census Tract 18.03; District of Columbia; District of Columbia","1555","590",
"1500000US110010018033","Block Group 3; Census Tract 18.03; District of Columbia; District of Columbia","1142","585",
"1500000US110010018041","Block Group 1; Census Tract 18.04; District of Columbia; District of Columbia","1503","679",
"1500000US110010018042","Block Group 2; Census Tract 18.04; District of Columbia; District of Columbia","1564","780",
"1500000US110010018043","Block Group 3; Census Tract 18.04; District of Columbia; District of Columbia","2387","799",
"1500000US110010019011","Block Group 1; Census Tract 19.01; District of Columbia; District of Columbia","674","324",
"1500000US110010019012","Block Group 2; Census Tract 19.01; District of Columbia; District of Columbia","886","292",
"1500000US110010019013","Block Group 3; Census Tract 19.01; District of Columbia; District of Columbia","1440","572",
"1500000US110010019014","Block Group 4; Census Tract 19.01; District of Columbia; District of Columbia","1655","864",
"1500000US110010019021","Block Group 1; Census Tract 19.02; District of Columbia; District of Columbia","1409","199",
"1500000US110010019022","Block Group 2; Census Tract 19.02; District of Columbia; District of Columbia","805","258",
"1500000US110010020011","Block Group 1; Census Tract 20.01; District of Columbia; District of Columbia","2201","738",
"1500000US110010020012","Block Group 2; Census Tract 20.01; District of Columbia; District of Columbia","740","263",
"1500000US110010020021","Block Group 1; Census Tract 20.02; District of Columbia; District of Columbia","1268","534",
"1500000US110010020022","Block Group 2; Census Tract 20.02; District of Columbia; District of Columbia","1300","461",
"1500000US110010020023","Block Group 3; Census Tract 20.02; District of Columbia; District of Columbia","1451","365",
"1500000US110010021011","Block Group 1; Census Tract 21.01; District of Columbia; District of Columbia","1276","764",
"1500000US110010021012","Block Group 2; Census Tract 21.01; District of Columbia; District of Columbia","1310","617",
"1500000US110010021013","Block Group 3; Census Tract 21.01; District of Columbia; District of Columbia","1738","958",
"1500000US110010021014","Block Group 4; Census Tract 21.01; District of Columbia; District of Columbia","466","287",
"1500000US110010021015","Block Group 5; Census Tract 21.01; District of Columbia; District of Columbia","663","336",
"1500000US110010021021","Block Group 1; Census Tract 21.02; District of Columbia; District of Columbia","1667","1171",
"1500000US110010021022","Block Group 2; Census Tract 21.02; District of Columbia; District of Columbia","978","448",
"1500000US110010021023","Block Group 3; Census Tract 21.02; District of Columbia; District of Columbia","583","300",
"1500000US110010021024","Block Group 4; Census Tract 21.02; District of Columbia; District of Columbia","707","386",
"1500000US110010021025","Block Group 5; Census Tract 21.02; District of Columbia; District of Columbia","1251","429",
"1500000US110010021026","Block Group 6; Census Tract 21.02; District of Columbia; District of Columbia","516","210",
"1500000US110010022011","Block Group 1; Census Tract 22.01; District of Columbia; District of Columbia","1124","249",
"1500000US110010022012","Block Group 2; Census Tract 22.01; District of Columbia; District of Columbia","2001","726",
"1500000US110010022013","Block Group 3; Census Tract 22.01; District of Columbia; District of Columbia","377","189",
"1500000US110010022021","Block Group 1; Census Tract 22.02; District of Columbia; District of Columbia","2110","776",
"1500000US110010022022","Block Group 2; Census Tract 22.02; District of Columbia; District of Columbia","363","169",
"1500000US110010022023","Block Group 3; Census Tract 22.02; District of Columbia; District of Columbia","696","180",
"1500000US110010023011","Block Group 1; Census Tract 23.01; District of Columbia; District of Columbia","1120","330",
"1500000US110010023012","Block Group 2; Census Tract 23.01; District of Columbia; District of Columbia","1983","402",
"1500000US110010023021","Block Group 1; Census Tract 23.02; District of Columbia; District of Columbia","0","15",
"1500000US110010023022","Block Group 2; Census Tract 23.02; District of Columbia; District of Columbia","925","163",
"1500000US110010023023","Block Group 3; Census Tract 23.02; District of Columbia; District of Columbia","488","185",
"1500000US110010024001","Block Group 1; Census Tract 24; District of Columbia; District of Columbia","897","239",
"1500000US110010024002","Block Group 2; Census Tract 24; District of Columbia; District of Columbia","1059","442",
"1500000US110010024003","Block Group 3; Census Tract 24; District of Columbia; District of Columbia","965","261",
"1500000US110010024004","Block Group 4; Census Tract 24; District of Columbia; District of Columbia","950","333",
"1500000US110010025011","Block Group 1; Census Tract 25.01; District of Columbia; District of Columbia","1514","794",
"1500000US110010025012","Block Group 2; Census Tract 25.01; District of Columbia; District of Columbia","1254","333",
"1500000US110010025031","Block Group 1; Census Tract 25.03; District of Columbia; District of Columbia","1492","583",
"1500000US110010025032","Block Group 2; Census Tract 25.03; District of Columbia; District of Columbia","1734","341",
"1500000US110010025041","Block Group 1; Census Tract 25.04; District of Columbia; District of Columbia","1135","372",
"1500000US110010025042","Block Group 2; Census Tract 25.04; District of Columbia; District of Columbia","1868","444",
"1500000US110010026001","Block Group 1; Census Tract 26; District of Columbia; District of Columbia","944","267",
"1500000US110010026002","Block Group 2; Census Tract 26; District of Columbia; District of Columbia","1397","398",
"1500000US110010027021","Block Group 1; Census Tract 27.02; District of Columbia; District of Columbia","1999","734",
"1500000US110010027022","Block Group 2; Census Tract 27.02; District of Columbia; District of Columbia","1726","498",
"1500000US110010027023","Block Group 3; Census Tract 27.02; District of Columbia; District of Columbia","980","353",
"1500000US110010027024","Block Group 4; Census Tract 27.02; District of Columbia; District of Columbia","1334","678",
"1500000US110010027031","Block Group 1; Census Tract 27.03; District of Columbia; District of Columbia","525","268",
"1500000US110010027032","Block Group 2; Census Tract 27.03; District of Columbia; District of Columbia","1878","339",
"1500000US110010027041","Block Group 1; Census Tract 27.04; District of Columbia; District of Columbia","1256","459",
"1500000US110010027042","Block Group 2; Census Tract 27.04; District of Columbia; District of Columbia","1605","430",
"1500000US110010028011","Block Group 1; Census Tract 28.01; District of Columbia; District of Columbia","1358","372",
"1500000US110010028012","Block Group 2; Census Tract 28.01; District of Columbia; District of Columbia","2434","650",
"1500000US110010028021","Block Group 1; Census Tract 28.02; District of Columbia; District of Columbia","2383","799",
"1500000US110010028022","Block Group 2; Census Tract 28.02; District of Columbia; District of Columbia","769","587",
"1500000US110010028023","Block Group 3; Census Tract 28.02; District of Columbia; District of Columbia","1355","345",
"1500000US110010029001","Block Group 1; Census Tract 29; District of Columbia; District of Columbia","1692","380",
"1500000US110010029002","Block Group 2; Census Tract 29; District of Columbia; District of Columbia","2669","735",
"1500000US110010030001","Block Group 1; Census Tract 30; District of Columbia; District of Columbia","1729","336",
"1500000US110010030002","Block Group 2; Census Tract 30; District of Columbia; District of Columbia","1696","439",
"1500000US110010031001","Block Group 1; Census Tract 31; District of Columbia; District of Columbia","1481","688",
"1500000US110010031002","Block Group 2; Census Tract 31; District of Columbia; District of Columbia","2425","648",
"1500000US110010032001","Block Group 1; Census Tract 32; District of Columbia; District of Columbia","1135","861",
"1500000US110010032002","Block Group 2; Census Tract 32; District of Columbia; District of Columbia","964","356",
"1500000US110010032003","Block Group 3; Census Tract 32; District of Columbia; District of Columbia","1477","526",
"1500000US110010032004","Block Group 4; Census Tract 32; District of Columbia; District of Columbia","647","233",
"1500000US110010033011","Block Group 1; Census Tract 33.01; District of Columbia; District of Columbia","1293","349",
"1500000US110010033012","Block Group 2; Census Tract 33.01; District of Columbia; District of Columbia","1148","260",
"1500000US110010033013","Block Group 3; Census Tract 33.01; District of Columbia; District of Columbia","1229","378",
"1500000US110010033021","Block Group 1; Census Tract 33.02; District of Columbia; District of Columbia","1059","202",
"1500000US110010033022","Block Group 2; Census Tract 33.02; District of Columbia; District of Columbia","1209","408",
"1500000US110010034001","Block Group 1; Census Tract 34; District of Columbia; District of Columbia","862","219",
"1500000US110010034002","Block Group 2; Census Tract 34; District of Columbia; District of Columbia","0","15",
"1500000US110010034003","Block Group 3; Census Tract 34; District of Columbia; District of Columbia","1698","614",
"1500000US110010034004","Block Group 4; Census Tract 34; District of Columbia; District of Columbia","426","181",
"1500000US110010034005","Block Group 5; Census Tract 34; District of Columbia; District of Columbia","1742","245",
"1500000US110010035001","Block Group 1; Census Tract 35; District of Columbia; District of Columbia","1107","262",
"1500000US110010035002","Block Group 2; Census Tract 35; District of Columbia; District of Columbia","3148","485",
"1500000US110010035003","Block Group 3; Census Tract 35; District of Columbia; District of Columbia","883","332",
"1500000US110010036001","Block Group 1; Census Tract 36; District of Columbia; District of Columbia","3039","601",
"1500000US110010036002","Block Group 2; Census Tract 36; District of Columbia; District of Columbia","1197","478",
"1500000US110010036003","Block Group 3; Census Tract 36; District of Columbia; District of Columbia","806","295",
"1500000US110010037011","Block Group 1; Census Tract 37.01; District of Columbia; District of Columbia","893","199",
"1500000US110010037012","Block Group 2; Census Tract 37.01; District of Columbia; District of Columbia","1615","282",
"1500000US110010037021","Block Group 1; Census Tract 37.02; District of Columbia; District of Columbia","982","293",
"1500000US110010037022","Block Group 2; Census Tract 37.02; District of Columbia; District of Columbia","1813","747",
"1500000US110010038011","Block Group 1; Census Tract 38.01; District of Columbia; District of Columbia","614","164",
"1500000US110010038012","Block Group 2; Census Tract 38.01; District of Columbia; District of Columbia","826","166",
"1500000US110010038021","Block Group 1; Census Tract 38.02; District of Columbia; District of Columbia","1266","480",
"1500000US110010038022","Block Group 2; Census Tract 38.02; District of Columbia; District of Columbia","1075","297",
"1500000US110010038023","Block Group 3; Census Tract 38.02; District of Columbia; District of Columbia","1304","311",
"1500000US110010039011","Block Group 1; Census Tract 39.01; District of Columbia; District of Columbia","1222","315",
"1500000US110010039012","Block Group 2; Census Tract 39.01; District of Columbia; District of Columbia","1512","543",
"1500000US110010039021","Block Group 1; Census Tract 39.02; District of Columbia; District of Columbia","821","167",
"1500000US110010039022","Block Group 2; Census Tract 39.02; District of Columbia; District of Columbia","745","208",
"1500000US110010040011","Block Group 1; Census Tract 40.01; District of Columbia; District of Columbia","1569","574",
"1500000US110010040012","Block Group 2; Census Tract 40.01; District of Columbia; District of Columbia","780","228",
"1500000US110010040013","Block Group 3; Census Tract 40.01; District of Columbia; District of Columbia","783","203",
"1500000US110010040014","Block Group 4; Census Tract 40.01; District of Columbia; District of Columbia","711","223",
"1500000US110010040021","Block Group 1; Census Tract 40.02; District of Columbia; District of Columbia","1062","366",
"1500000US110010040022","Block Group 2; Census Tract 40.02; District of Columbia; District of Columbia","1534","480",
"1500000US110010040023","Block Group 3; Census Tract 40.02; District of Columbia; District of Columbia","478","198",
"1500000US110010041001","Block Group 1; Census Tract 41; District of Columbia; District of Columbia","1085","228",
"1500000US110010041002","Block Group 2; Census Tract 41; District of Columbia; District of Columbia","394","149",
"1500000US110010041003","Block Group 3; Census Tract 41; District of Columbia; District of Columbia","996","342",
"1500000US110010042011","Block Group 1; Census Tract 42.01; District of Columbia; District of Columbia","1017","291",
"1500000US110010042012","Block Group 2; Census Tract 42.01; District of Columbia; District of Columbia","965","303",
"1500000US110010042013","Block Group 3; Census Tract 42.01; District of Columbia; District of Columbia","1359","427",
"1500000US110010042021","Block Group 1; Census Tract 42.02; District of Columbia; District of Columbia","1118","399",
"1500000US110010042022","Block Group 2; Census Tract 42.02; District of Columbia; District of Columbia","1439","177",
"1500000US110010043001","Block Group 1; Census Tract 43; District of Columbia; District of Columbia","559","268",
"1500000US110010043002","Block Group 2; Census Tract 43; District of Columbia; District of Columbia","1660","460",
"1500000US110010043003","Block Group 3; Census Tract 43; District of Columbia; District of Columbia","1555","806",
"1500000US110010043004","Block Group 4; Census Tract 43; District of Columbia; District of Columbia","777","244",
"1500000US110010044011","Block Group 1; Census Tract 44.01; District of Columbia; District of Columbia","1154","332",
"1500000US110010044012","Block Group 2; Census Tract 44.01; District of Columbia; District of Columbia","1678","905",
"1500000US110010044013","Block Group 3; Census Tract 44.01; District of Columbia; District of Columbia","708","230",
"1500000US110010044021","Block Group 1; Census Tract 44.02; District of Columbia; District of Columbia","1204","371",
"1500000US110010044022","Block Group 2; Census Tract 44.02; District of Columbia; District of Columbia","1213","265",
"1500000US110010046001","Block Group 1; Census Tract 46; District of Columbia; District of Columbia","1020","193",
"1500000US110010046002","Block Group 2; Census Tract 46; District of Columbia; District of Columbia","2004","661",
"1500000US110010047021","Block Group 1; Census Tract 47.02; District of Columbia; District of Columbia","664","120",
"1500000US110010047022","Block Group 2; Census Tract 47.02; District of Columbia; District of Columbia","404","135",
"1500000US110010047023","Block Group 3; Census Tract 47.02; District of Columbia; District of Columbia","738","211",
"1500000US110010047024","Block Group 4; Census Tract 47.02; District of Columbia; District of Columbia","617","190",
"1500000US110010047025","Block Group 5; Census Tract 47.02; District of Columbia; District of Columbia","1026","729",
"1500000US110010047031","Block Group 1; Census Tract 47.03; District of Columbia; District of Columbia","594","428",
"1500000US110010047032","Block Group 2; Census Tract 47.03; District of Columbia; District of Columbia","677","310",
"1500000US110010047033","Block Group 3; Census Tract 47.03; District of Columbia; District of Columbia","950","306",
"1500000US110010047034","Block Group 4; Census Tract 47.03; District of Columbia; District of Columbia","926","465",
"1500000US110010047041","Block Group 1; Census Tract 47.04; District of Columbia; District of Columbia","736","194",
"1500000US110010047042","Block Group 2; Census Tract 47.04; District of Columbia; District of Columbia","985","466",
"1500000US110010048011","Block Group 1; Census Tract 48.01; District of Columbia; District of Columbia","441","172",
"1500000US110010048012","Block Group 2; Census Tract 48.01; District of Columbia; District of Columbia","936","213",
"1500000US110010048013","Block Group 3; Census Tract 48.01; District of Columbia; District of Columbia","1221","408",
"1500000US110010048021","Block Group 1; Census Tract 48.02; District of Columbia; District of Columbia","1347","263",
"1500000US110010048022","Block Group 2; Census Tract 48.02; District of Columbia; District of Columbia","1599","708",
"1500000US110010049011","Block Group 1; Census Tract 49.01; District of Columbia; District of Columbia","1054","361",
"1500000US110010049012","Block Group 2; Census Tract 49.01; District of Columbia; District of Columbia","1605","379",
"1500000US110010049013","Block Group 3; Census Tract 49.01; District of Columbia; District of Columbia","656","261",
"1500000US110010049021","Block Group 1; Census Tract 49.02; District of Columbia; District of Columbia","657","198",
"1500000US110010049022","Block Group 2; Census Tract 49.02; District of Columbia; District of Columbia","773","297",
"1500000US110010049023","Block Group 3; Census Tract 49.02; District of Columbia; District of Columbia","1763","345",
"1500000US110010050011","Block Group 1; Census Tract 50.01; District of Columbia; District of Columbia","971","389",
"1500000US110010050012","Block Group 2; Census Tract 50.01; District of Columbia; District of Columbia","1143","303",
"1500000US110010050031","Block Group 1; Census Tract 50.03; District of Columbia; District of Columbia","858","325",
"1500000US110010050032","Block Group 2; Census Tract 50.03; District of Columbia; District of Columbia","980","132",
"1500000US110010050041","Block Group 1; Census Tract 50.04; District of Columbia; District of Columbia","1529","421",
"1500000US110010050042","Block Group 2; Census Tract 50.04; District of Columbia; District of Columbia","1011","269",
"1500000US110010050043","Block Group 3; Census Tract 50.04; District of Columbia; District of Columbia","1210","544",
"1500000US110010052021","Block Group 1; Census Tract 52.02; District of Columbia; District of Columbia","766","361",
"1500000US110010052022","Block Group 2; Census Tract 52.02; District of Columbia; District of Columbia","1309","302",
"1500000US110010052023","Block Group 3; Census Tract 52.02; District of Columbia; District of Columbia","1238","303",
"1500000US110010052031","Block Group 1; Census Tract 52.03; District of Columbia; District of Columbia","891","326",
"1500000US110010052032","Block Group 2; Census Tract 52.03; District of Columbia; District of Columbia","870","252",
"1500000US110010052033","Block Group 3; Census Tract 52.03; District of Columbia; District of Columbia","1281","455",
"1500000US110010053021","Block Group 1; Census Tract 53.02; District of Columbia; District of Columbia","1189","294",
"1500000US110010053022","Block Group 2; Census Tract 53.02; District of Columbia; District of Columbia","692","200",
"1500000US110010053023","Block Group 3; Census Tract 53.02; District of Columbia; District of Columbia","591","233",
"1500000US110010053031","Block Group 1; Census Tract 53.03; District of Columbia; District of Columbia","358","194",
"1500000US110010053032","Block Group 2; Census Tract 53.03; District of Columbia; District of Columbia","925","272",
"1500000US110010053033","Block Group 3; Census Tract 53.03; District of Columbia; District of Columbia","1196","236",
"1500000US110010055011","Block Group 1; Census Tract 55.01; District of Columbia; District of Columbia","1118","288",
"1500000US110010055012","Block Group 2; Census Tract 55.01; District of Columbia; District of Columbia","803","219",
"1500000US110010055021","Block Group 1; Census Tract 55.02; District of Columbia; District of Columbia","820","328",
"1500000US110010055022","Block Group 2; Census Tract 55.02; District of Columbia; District of Columbia","1100","346",
"1500000US110010055023","Block Group 3; Census Tract 55.02; District of Columbia; District of Columbia","567","116",
"1500000US110010055031","Block Group 1; Census Tract 55.03; District of Columbia; District of Columbia","1317","316",
"1500000US110010055032","Block Group 2; Census Tract 55.03; District of Columbia; District of Columbia","842","245",
"1500000US110010056011","Block Group 1; Census Tract 56.01; District of Columbia; District of Columbia","1186","414",
"1500000US110010056012","Block Group 2; Census Tract 56.01; District of Columbia; District of Columbia","476","162",
"1500000US110010056013","Block Group 3; Census Tract 56.01; District of Columbia; District of Columbia","815","199",
"1500000US110010056021","Block Group 1; Census Tract 56.02; District of Columbia; District of Columbia","1012","190",
"1500000US110010056022","Block Group 2; Census Tract 56.02; District of Columbia; District of Columbia","2026","393",
"1500000US110010056023","Block Group 3; Census Tract 56.02; District of Columbia; District of Columbia","967","202",
"1500000US110010058011","Block Group 1; Census Tract 58.01; District of Columbia; District of Columbia","759","181",
"1500000US110010058012","Block Group 2; Census Tract 58.01; District of Columbia; District of Columbia","867","253",
"1500000US110010058021","Block Group 1; Census Tract 58.02; District of Columbia; District of Columbia","0","15",
"1500000US110010058022","Block Group 2; Census Tract 58.02; District of Columbia; District of Columbia","0","15",
"1500000US110010058023","Block Group 3; Census Tract 58.02; District of Columbia; District of Columbia","0","15",
"1500000US110010058024","Block Group 4; Census Tract 58.02; District of Columbia; District of Columbia","850","264",
"1500000US110010058025","Block Group 5; Census Tract 58.02; District of Columbia; District of Columbia","993","236",
"1500000US110010059001","Block Group 1; Census Tract 59; District of Columbia; District of Columbia","1169","243",
"1500000US110010059002","Block Group 2; Census Tract 59; District of Columbia; District of Columbia","1181","301",
"1500000US110010064001","Block Group 1; Census Tract 64; District of Columbia; District of Columbia","1392","366",
"1500000US110010064002","Block Group 2; Census Tract 64; District of Columbia; District of Columbia","1597","551",
"1500000US110010065001","Block Group 1; Census Tract 65; District of Columbia; District of Columbia","668","190",
"1500000US110010065002","Block Group 2; Census Tract 65; District of Columbia; District of Columbia","1893","447",
"1500000US110010066001","Block Group 1; Census Tract 66; District of Columbia; District of Columbia","1008","207",
"1500000US110010066002","Block Group 2; Census Tract 66; District of Columbia; District of Columbia","1117","520",
"1500000US110010067001","Block Group 1; Census Tract 67; District of Columbia; District of Columbia","1075","281",
"1500000US110010067002","Block Group 2; Census Tract 67; District of Columbia; District of Columbia","1077","260",
"1500000US110010067003","Block Group 3; Census Tract 67; District of Columbia; District of Columbia","1687","365",
"1500000US110010068011","Block Group 1; Census Tract 68.01; District of Columbia; District of Columbia","1221","277",
"1500000US110010068012","Block Group 2; Census Tract 68.01; District of Columbia; District of Columbia","928","240",
"1500000US110010068021","Block Group 1; Census Tract 68.02; District of Columbia; District of Columbia","996","587",
"1500000US110010068022","Block Group 2; Census Tract 68.02; District of Columbia; District of Columbia","1404","237",
"1500000US110010068041","Block Group 1; Census Tract 68.04; District of Columbia; District of Columbia","2231","65",
"1500000US110010069001","Block Group 1; Census Tract 69; District of Columbia; District of Columbia","1913","310",
"1500000US110010069002","Block Group 2; Census Tract 69; District of Columbia; District of Columbia","1323","278",
"1500000US110010070001","Block Group 1; Census Tract 70; District of Columbia; District of Columbia","1503","366",
"1500000US110010070002","Block Group 2; Census Tract 70; District of Columbia; District of Columbia","889","202",
"1500000US110010071001","Block Group 1; Census Tract 71; District of Columbia; District of Columbia","806","260",
"1500000US110010071002","Block Group 2; Census Tract 71; District of Columbia; District of Columbia","1183","627",
"1500000US110010071003","Block Group 3; Census Tract 71; District of Columbia; District of Columbia","1164","303",
"1500000US110010072011","Block Group 1; Census Tract 72.01; District of Columbia; District of Columbia","1575","295",
"1500000US110010072012","Block Group 2; Census Tract 72.01; District of Columbia; District of Columbia","1387","425",
"1500000US110010072013","Block Group 3; Census Tract 72.01; District of Columbia; District of Columbia","0","15",
"1500000US110010072014","Block Group 4; Census Tract 72.01; District of Columbia; District of Columbia","331","158",
"1500000US110010072021","Block Group 1; Census Tract 72.02; District of Columbia; District of Columbia","1033","575",
"1500000US110010072022","Block Group 2; Census Tract 72.02; District of Columbia; District of Columbia","2999","595",
"1500000US110010072023","Block Group 3; Census Tract 72.02; District of Columbia; District of Columbia","2059","391",
"1500000US110010072031","Block Group 1; Census Tract 72.03; District of Columbia; District of Columbia","729","377",
"1500000US110010072032","Block Group 2; Census Tract 72.03; District of Columbia; District of Columbia","446","148",
"1500000US110010072033","Block Group 3; Census Tract 72.03; District of Columbia; District of Columbia","1329","340",
"1500000US110010072034","Block Group 4; Census Tract 72.03; District of Columbia; District of Columbia","857","252",
"1500000US110010073011","Block Group 1; Census Tract 73.01; District of Columbia; District of Columbia","1230","377",
"1500000US110010073012","Block Group 2; Census Tract 73.01; District of Columbia; District of Columbia","1790","514",
"1500000US110010073013","Block Group 3; Census Tract 73.01; District of Columbia; District of Columbia","1542","568",
"1500000US110010073041","Block Group 1; Census Tract 73.04; District of Columbia; District of Columbia","760","419",
"1500000US110010073042","Block Group 2; Census Tract 73.04; District of Columbia; District of Columbia","1598","717",
"1500000US110010073043","Block Group 3; Census Tract 73.04; District of Columbia; District of Columbia","676","437",
"1500000US110010073044","Block Group 4; Census Tract 73.04; District of Columbia; District of Columbia","2254","942",
"1500000US110010074011","Block Group 1; Census Tract 74.01; District of Columbia; District of Columbia","81","75",
"1500000US110010074012","Block Group 2; Census Tract 74.01; District of Columbia; District of Columbia","1168","415",
"1500000US110010074031","Block Group 1; Census Tract 74.03; District of Columbia; District of Columbia","1124","587",
"1500000US110010074032","Block Group 2; Census Tract 74.03; District of Columbia; District of Columbia","1852","718",
"1500000US110010074041","Block Group 1; Census Tract 74.04; District of Columbia; District of Columbia","1546","631",
"1500000US110010074042","Block Group 2; Census Tract 74.04; District of Columbia; District of Columbia","1713","675",
"1500000US110010074043","Block Group 3; Census Tract 74.04; District of Columbia; District of Columbia","833","394",
"1500000US110010074061","Block Group 1; Census Tract 74.06; District of Columbia; District of Columbia","1459","473",
"1500000US110010074062","Block Group 2; Census Tract 74.06; District of Columbia; District of Columbia","1022","711",
"1500000US110010074071","Block Group 1; Census Tract 74.07; District of Columbia; District of Columbia","867","371",
"1500000US110010074072","Block Group 2; Census Tract 74.07; District of Columbia; District of Columbia","1099","621",
"1500000US110010074073","Block Group 3; Census Tract 74.07; District of Columbia; District of Columbia","1507","440",
"1500000US110010074081","Block Group 1; Census Tract 74.08; District of Columbia; District of Columbia","1893","570",
"1500000US110010074082","Block Group 2; Census Tract 74.08; District of Columbia; District of Columbia","2388","1249",
"1500000US110010074091","Block Group 1; Census Tract 74.09; District of Columbia; District of Columbia","1097","647",
"1500000US110010074092","Block Group 2; Census Tract 74.09; District of Columbia; District of Columbia","1283","405",
"1500000US110010074093","Block Group 3; Census Tract 74.09; District of Columbia; District of Columbia","1191","685",
"1500000US110010075021","Block Group 1; Census Tract 75.02; District of Columbia; District of Columbia","2866","829",
"1500000US110010075022","Block Group 2; Census Tract 75.02; District of Columbia; District of Columbia","657","422",
"1500000US110010075023","Block Group 3; Census Tract 75.02; District of Columbia; District of Columbia","736","396",
"1500000US110010075031","Block Group 1; Census Tract 75.03; District of Columbia; District of Columbia","1242","567",
"1500000US110010075032","Block Group 2; Census Tract 75.03; District of Columbia; District of Columbia","946","327",
"1500000US110010075041","Block Group 1; Census Tract 75.04; District of Columbia; District of Columbia","1457","608",
"1500000US110010075042","Block Group 2; Census Tract 75.04; District of Columbia; District of Columbia","1574","636",
"1500000US110010076011","Block Group 1; Census Tract 76.01; District of Columbia; District of Columbia","620","405",
"1500000US110010076012","Block Group 2; Census Tract 76.01; District of Columbia; District of Columbia","521","347",
"1500000US110010076013","Block Group 3; Census Tract 76.01; District of Columbia; District of Columbia","1184","629",
"1500000US110010076014","Block Group 4; Census Tract 76.01; District of Columbia; District of Columbia","1189","576",
"1500000US110010076015","Block Group 5; Census Tract 76.01; District of Columbia; District of Columbia","726","414",
"1500000US110010076031","Block Group 1; Census Tract 76.03; District of Columbia; District of Columbia","1078","437",
"1500000US110010076032","Block Group 2; Census Tract 76.03; District of Columbia; District of Columbia","1090","541",
"1500000US110010076033","Block Group 3; Census Tract 76.03; District of Columbia; District of Columbia","251","179",
"1500000US110010076034","Block Group 4; Census Tract 76.03; District of Columbia; District of Columbia","2100","986",
"1500000US110010076041","Block Group 1; Census Tract 76.04; District of Columbia; District of Columbia","521","202",
"1500000US110010076042","Block Group 2; Census Tract 76.04; District of Columbia; District of Columbia","1117","357",
"1500000US110010076043","Block Group 3; Census Tract 76.04; District of Columbia; District of Columbia","731","292",
"1500000US110010076044","Block Group 4; Census Tract 76.04; District of Columbia; District of Columbia","1660","675",
"1500000US110010076051","Block Group 1; Census Tract 76.05; District of Columbia; District of Columbia","616","307",
"1500000US110010076052","Block Group 2; Census Tract 76.05; District of Columbia; District of Columbia","1230","511",
"1500000US110010076053","Block Group 3; Census Tract 76.05; District of Columbia; District of Columbia","1316","532",
"1500000US110010076054","Block Group 4; Census Tract 76.05; District of Columbia; District of Columbia","767","265",
"1500000US110010077031","Block Group 1; Census Tract 77.03; District of Columbia; District of Columbia","1359","950",
"1500000US110010077032","Block Group 2; Census Tract 77.03; District of Columbia; District of Columbia","629","407",
"1500000US110010077033","Block Group 3; Census Tract 77.03; District of Columbia; District of Columbia","3348","1173",
"1500000US110010077034","Block Group 4; Census Tract 77.03; District of Columbia; District of Columbia","1742","1321",
"1500000US110010077071","Block Group 1; Census Tract 77.07; District of Columbia; District of Columbia","1442","674",
"1500000US110010077072","Block Group 2; Census Tract 77.07; District of Columbia; District of Columbia","698","361",
"1500000US110010077073","Block Group 3; Census Tract 77.07; District of Columbia; District of Columbia","2233","691",
"1500000US110010077081","Block Group 1; Census Tract 77.08; District of Columbia; District of Columbia","482","223",
"1500000US110010077082","Block Group 2; Census Tract 77.08; District of Columbia; District of Columbia","2179","804",
"1500000US110010077091","Block Group 1; Census Tract 77.09; District of Columbia; District of Columbia","962","361",
"1500000US110010077092","Block Group 2; Census Tract 77.09; District of Columbia; District of Columbia","1061","564",
"1500000US110010078031","Block Group 1; Census Tract 78.03; District of Columbia; District of Columbia","1690","878",
"1500000US110010078032","Block Group 2; Census Tract 78.03; District of Columbia; District of Columbia","330","214",
"1500000US110010078033","Block Group 3; Census Tract 78.03; District of Columbia; District of Columbia","809","358",
"1500000US110010078034","Block Group 4; Census Tract 78.03; District of Columbia; District of Columbia","1866","580",
"1500000US110010078041","Block Group 1; Census Tract 78.04; District of Columbia; District of Columbia","1900","874",
"1500000US110010078042","Block Group 2; Census Tract 78.04; District of Columbia; District of Columbia","1183","790",
"1500000US110010078043","Block Group 3; Census Tract 78.04; District of Columbia; District of Columbia","788","435",
"1500000US110010078061","Block Group 1; Census Tract 78.06; District of Columbia; District of Columbia","873","277",
"1500000US110010078062","Block Group 2; Census Tract 78.06; District of Columbia; District of Columbia","1452","448",
"1500000US110010078071","Block Group 1; Census Tract 78.07; District of Columbia; District of Columbia","1323","407",
"1500000US110010078072","Block Group 2; Census Tract 78.07; District of Columbia; District of Columbia","1154","593",
"1500000US110010078081","Block Group 1; Census Tract 78.08; District of Columbia; District of Columbia","1411","723",
"1500000US110010078082","Block Group 2; Census Tract 78.08; District of Columbia; District of Columbia","1614","1119",
"1500000US110010078083","Block Group 3; Census Tract 78.08; District of Columbia; District of Columbia","1387","613",
"1500000US110010078091","Block Group 1; Census Tract 78.09; District of Columbia; District of Columbia","1476","584",
"1500000US110010078092","Block Group 2; Census Tract 78.09; District of Columbia; District of Columbia","1241","326",
"1500000US110010079011","Block Group 1; Census Tract 79.01; District of Columbia; District of Columbia","621","320",
"1500000US110010079012","Block Group 2; Census Tract 79.01; District of Columbia; District of Columbia","1255","579",
"1500000US110010079013","Block Group 3; Census Tract 79.01; District of Columbia; District of Columbia","1340","753",
"1500000US110010079014","Block Group 4; Census Tract 79.01; District of Columbia; District of Columbia","934","394",
"1500000US110010079031","Block Group 1; Census Tract 79.03; District of Columbia; District of Columbia","2045","323",
"1500000US110010080011","Block Group 1; Census Tract 80.01; District of Columbia; District of Columbia","465","220",
"1500000US110010080012","Block Group 2; Census Tract 80.01; District of Columbia; District of Columbia","1450","295",
"1500000US110010080013","Block Group 3; Census Tract 80.01; District of Columbia; District of Columbia","1114","354",
"1500000US110010080021","Block Group 1; Census Tract 80.02; District of Columbia; District of Columbia","1551","343",
"1500000US110010080022","Block Group 2; Census Tract 80.02; District of Columbia; District of Columbia","1762","369",
"1500000US110010081001","Block Group 1; Census Tract 81; District of Columbia; District of Columbia","566","169",
"1500000US110010081002","Block Group 2; Census Tract 81; District of Columbia; District of Columbia","1756","506",
"1500000US110010081003","Block Group 3; Census Tract 81; District of Columbia; District of Columbia","853","263",
"1500000US110010082001","Block Group 1; Census Tract 82; District of Columbia; District of Columbia","549","190",
"1500000US110010082002","Block Group 2; Census Tract 82; District of Columbia; District of Columbia","738","226",
"1500000US110010082003","Block Group 3; Census Tract 82; District of Columbia; District of Columbia","724","325",
"1500000US110010082004","Block Group 4; Census Tract 82; District of Columbia; District of Columbia","650","191",
"1500000US110010083011","Block Group 1; Census Tract 83.01; District of Columbia; District of Columbia","1678","310",
"1500000US110010083012","Block Group 2; Census Tract 83.01; District of Columbia; District of Columbia","1190","232",
"1500000US110010083021","Block Group 1; Census Tract 83.02; District of Columbia; District of Columbia","902","265",
"1500000US110010083022","Block Group 2; Census Tract 83.02; District of Columbia; District of Columbia","889","228",
"1500000US110010083023","Block Group 3; Census Tract 83.02; District of Columbia; District of Columbia","1041","416",
"1500000US110010084021","Block Group 1; Census Tract 84.02; District of Columbia; District of Columbia","925","237",
"1500000US110010084022","Block Group 2; Census Tract 84.02; District of Columbia; District of Columbia","1736","303",
"1500000US110010084101","Block Group 1; Census Tract 84.10; District of Columbia; District of Columbia","2025","390",
"1500000US110010087011","Block Group 1; Census Tract 87.01; District of Columbia; District of Columbia","1642","298",
"1500000US110010087012","Block Group 2; Census Tract 87.01; District of Columbia; District of Columbia","974","431",
"1500000US110010087021","Block Group 1; Census Tract 87.02; District of Columbia; District of Columbia","1569","492",
"1500000US110010087022","Block Group 2; Census Tract 87.02; District of Columbia; District of Columbia","947","276",
"1500000US110010087023","Block Group 3; Census Tract 87.02; District of Columbia; District of Columbia","1156","313",
"1500000US110010088021","Block Group 1; Census Tract 88.02; District of Columbia; District of Columbia","1410","829",
"1500000US110010088022","Block Group 2; Census Tract 88.02; District of Columbia; District of Columbia","993","313",
"1500000US110010088023","Block Group 3; Census Tract 88.02; District of Columbia; District of Columbia","1199","468",
"1500000US110010088024","Block Group 4; Census Tract 88.02; District of Columbia; District of Columbia","1376","599",
"1500000US110010088031","Block Group 1; Census Tract 88.03; District of Columbia; District of Columbia","2529","598",
"1500000US110010088032","Block Group 2; Census Tract 88.03; District of Columbia; District of Columbia","2553","373",
"1500000US110010088041","Block Group 1; Census Tract 88.04; District of Columbia; District of Columbia","924","501",
"1500000US110010088042","Block Group 2; Census Tract 88.04; District of Columbia; District of Columbia","1687","536",
"1500000US110010089031","Block Group 1; Census Tract 89.03; District of Columbia; District of Columbia","1197","720",
"1500000US110010089032","Block Group 2; Census Tract 89.03; District of Columbia; District of Columbia","1468","681",
"1500000US110010089033","Block Group 3; Census Tract 89.03; District of Columbia; District of Columbia","1162","778",
"1500000US110010089041","Block Group 1; Census Tract 89.04; District of Columbia; District of Columbia","1496","728",
"1500000US110010089042","Block Group 2; Census Tract 89.04; District of Columbia; District of Columbia","1728","609",
"1500000US110010089043","Block Group 3; Census Tract 89.04; District of Columbia; District of Columbia","516","248",
"1500000US110010090001","Block Group 1; Census Tract 90; District of Columbia; District of Columbia","1422","539",
"1500000US110010090002","Block Group 2; Census Tract 90; District of Columbia; District of Columbia","1824","465",
"1500000US110010090003","Block Group 3; Census Tract 90; District of Columbia; District of Columbia","530","303",
"1500000US110010091021","Block Group 1; Census Tract 91.02; District of Columbia; District of Columbia","1560","548",
"1500000US110010091022","Block Group 2; Census Tract 91.02; District of Columbia; District of Columbia","564","285",
"1500000US110010091023","Block Group 3; Census Tract 91.02; District of Columbia; District of Columbia","1282","520",
"1500000US110010091024","Block Group 4; Census Tract 91.02; District of Columbia; District of Columbia","916","423",
"1500000US110010092011","Block Group 1; Census Tract 92.01; District of Columbia; District of Columbia","1113","409",
"1500000US110010092012","Block Group 2; Census Tract 92.01; District of Columbia; District of Columbia","2121","314",
"1500000US110010092031","Block Group 1; Census Tract 92.03; District of Columbia; District of Columbia","714","260",
"1500000US110010092032","Block Group 2; Census Tract 92.03; District of Columbia; District of Columbia","2606","802",
"1500000US110010092041","Block Group 1; Census Tract 92.04; District of Columbia; District of Columbia","1019","336",
"1500000US110010092042","Block Group 2; Census Tract 92.04; District of Columbia; District of Columbia","2349","627",
"1500000US110010093011","Block Group 1; Census Tract 93.01; District of Columbia; District of Columbia","829","418",
"1500000US110010093012","Block Group 2; Census Tract 93.01; District of Columbia; District of Columbia","1389","331",
"1500000US110010093013","Block Group 3; Census Tract 93.01; District of Columbia; District of Columbia","1087","385",
"1500000US110010093014","Block Group 4; Census Tract 93.01; District of Columbia; District of Columbia","437","178",
"1500000US110010093021","Block Group 1; Census Tract 93.02; District of Columbia; District of Columbia","1987","314",
"1500000US110010094001","Block Group 1; Census Tract 94; District of Columbia; District of Columbia","605","265",
"1500000US110010094002","Block Group 2; Census Tract 94; District of Columbia; District of Columbia","2081","545",
"1500000US110010094003","Block Group 3; Census Tract 94; District of Columbia; District of Columbia","1076","339",
"1500000US110010094004","Block Group 4; Census Tract 94; District of Columbia; District of Columbia","959","642",
"1500000US110010095031","Block Group 1; Census Tract 95.03; District of Columbia; District of Columbia","1680","520",
"1500000US110010095032","Block Group 2; Census Tract 95.03; District of Columbia; District of Columbia","427","180",
"1500000US110010095033","Block Group 3; Census Tract 95.03; District of Columbia; District of Columbia","804","376",
"1500000US110010095041","Block Group 1; Census Tract 95.04; District of Columbia; District of Columbia","1711","428",
"1500000US110010095042","Block Group 2; Census Tract 95.04; District of Columbia; District of Columbia","1570","274",
"1500000US110010095051","Block Group 1; Census Tract 95.05; District of Columbia; District of Columbia","917","350",
"1500000US110010095052","Block Group 2; Census Tract 95.05; District of Columbia; District of Columbia","1361","378",
"1500000US110010095053","Block Group 3; Census Tract 95.05; District of Columbia; District of Columbia","2215","681",
"1500000US110010095071","Block Group 1; Census Tract 95.07; District of Columbia; District of Columbia","1635","325",
"1500000US110010095081","Block Group 1; Census Tract 95.08; District of Columbia; District of Columbia","1903","855",
"1500000US110010095082","Block Group 2; Census Tract 95.08; District of Columbia; District of Columbia","1350","402",
"1500000US110010095083","Block Group 3; Census Tract 95.08; District of Columbia; District of Columbia","175","103",
"1500000US110010095084","Block Group 4; Census Tract 95.08; District of Columbia; District of Columbia","502","249",
"1500000US110010095091","Block Group 1; Census Tract 95.09; District of Columbia; District of Columbia","904","243",
"1500000US110010095092","Block Group 2; Census Tract 95.09; District of Columbia; District of Columbia","908","306",
"1500000US110010095093","Block Group 3; Census Tract 95.09; District of Columbia; District of Columbia","1264","329",
"1500000US110010095101","Block Group 1; Census Tract 95.10; District of Columbia; District of Columbia","2359","515",
"1500000US110010095102","Block Group 2; Census Tract 95.10; District of Columbia; District of Columbia","693","393",
"1500000US110010095103","Block Group 3; Census Tract 95.10; District of Columbia; District of Columbia","1856","842",
"1500000US110010095111","Block Group 1; Census Tract 95.11; District of Columbia; District of Columbia","1645","57",
"1500000US110010096011","Block Group 1; Census Tract 96.01; District of Columbia; District of Columbia","2288","475",
"1500000US110010096021","Block Group 1; Census Tract 96.02; District of Columbia; District of Columbia","0","15",
"1500000US110010096022","Block Group 2; Census Tract 96.02; District of Columbia; District of Columbia","4784","876",
"1500000US110010096023","Block Group 3; Census Tract 96.02; District of Columbia; District of Columbia","1038","337",
"1500000US110010096031","Block Group 1; Census Tract 96.03; District of Columbia; District of Columbia","1208","440",
"1500000US110010096032","Block Group 2; Census Tract 96.03; District of Columbia; District of Columbia","923","514",
"1500000US110010096033","Block Group 3; Census Tract 96.03; District of Columbia; District of Columbia","1467","453",
"1500000US110010096041","Block Group 1; Census Tract 96.04; District of Columbia; District of Columbia","853","200",
"1500000US110010096042","Block Group 2; Census Tract 96.04; District of Columbia; District of Columbia","1117","533",
"1500000US110010097001","Block Group 1; Census Tract 97; District of Columbia; District of Columbia","507","255",
"1500000US110010097002","Block Group 2; Census Tract 97; District of Columbia; District of Columbia","1660","559",
"1500000US110010097003","Block Group 3; Census Tract 97; District of Columbia; District of Columbia","1070","620",
"1500000US110010098011","Block Group 1; Census Tract 98.01; District of Columbia; District of Columbia","1844","394",
"1500000US110010098021","Block Group 1; Census Tract 98.02; District of Columbia; District of Columbia","1286","501",
"1500000US110010098022","Block Group 2; Census Tract 98.02; District of Columbia; District of Columbia","1000","364",
"1500000US110010098031","Block Group 1; Census Tract 98.03; District of Columbia; District of Columbia","300","227",
"1500000US110010098032","Block Group 2; Census Tract 98.03; District of Columbia; District of Columbia","1054","546",
"1500000US110010098033","Block Group 3; Census Tract 98.03; District of Columbia; District of Columbia","1451","755",
"1500000US110010098041","Block Group 1; Census Tract 98.04; District of Columbia; District of Columbia","1543","550",
"1500000US110010098042","Block Group 2; Census Tract 98.04; District of Columbia; District of Columbia","1446","399",
"1500000US110010098071","Block Group 1; Census Tract 98.07; District of Columbia; District of Columbia","807","342",
"1500000US110010098072","Block Group 2; Census Tract 98.07; District of Columbia; District of Columbia","1919","765",
"1500000US110010098073","Block Group 3; Census Tract 98.07; District of Columbia; District of Columbia","748","382",
"1500000US110010098101","Block Group 1; Census Tract 98.10; District of Columbia; District of Columbia","1458","792",
"1500000US110010098102","Block Group 2; Census Tract 98.10; District of Columbia; District of Columbia","651","368",
"1500000US110010098111","Block Group 1; Census Tract 98.11; District of Columbia; District of Columbia","1653","752",
"1500000US110010098112","Block Group 2; Census Tract 98.11; District of Columbia; District of Columbia","1945","647",
"1500000US110010098113","Block Group 3; Census Tract 98.11; District of Columbia; District of Columbia","864","677",
"1500000US110010099011","Block Group 1; Census Tract 99.01; District of Columbia; District of Columbia","523","214",
"1500000US110010099012","Block Group 2; Census Tract 99.01; District of Columbia; District of Columbia","1557","350",
"1500000US110010099021","Block Group 1; Census Tract 99.02; District of Columbia; District of Columbia","820","273",
"1500000US110010099022","Block Group 2; Census Tract 99.02; District of Columbia; District of Columbia","2186","910",
"1500000US110010099031","Block Group 1; Census Tract 99.03; District of Columbia; District of Columbia","1046","471",
"1500000US110010099032","Block Group 2; Census Tract 99.03; District of Columbia; District of Columbia","1082","355",
"1500000US110010099041","Block Group 1; Census Tract 99.04; District of Columbia; District of Columbia","828","436",
"1500000US110010099042","Block Group 2; Census Tract 99.04; District of Columbia; District of Columbia","1588","738",
"1500000US110010099043","Block Group 3; Census Tract 99.04; District of Columbia; District of Columbia","910","417",
"1500000US110010099051","Block Group 1; Census Tract 99.05; District of Columbia; District of Columbia","1650","622",
"1500000US110010099052","Block Group 2; Census Tract 99.05; District of Columbia; District of Columbia","849","352",
"1500000US110010099053","Block Group 3; Census Tract 99.05; District of Columbia; District of Columbia","1063","570",
"1500000US110010099061","Block Group 1; Census Tract 99.06; District of Columbia; District of Columbia","1588","356",
"1500000US110010099071","Block Group 1; Census Tract 99.07; District of Columbia; District of Columbia","410","163",
"1500000US110010099072","Block Group 2; Census Tract 99.07; District of Columbia; District of Columbia","1657","565",
"1500000US110010101001","Block Group 1; Census Tract 101; District of Columbia; District of Columbia","796","199",
"1500000US110010101002","Block Group 2; Census Tract 101; District of Columbia; District of Columbia","798","194",
"1500000US110010101003","Block Group 3; Census Tract 101; District of Columbia; District of Columbia","997","419",
"1500000US110010102011","Block Group 1; Census Tract 102.01; District of Columbia; District of Columbia","1327","318",
"1500000US110010102012","Block Group 2; Census Tract 102.01; District of Columbia; District of Columbia","619","207",
"1500000US110010102013","Block Group 3; Census Tract 102.01; District of Columbia; District of Columbia","657","408",
"1500000US110010102021","Block Group 1; Census Tract 102.02; District of Columbia; District of Columbia","0","15",
"1500000US110010102022","Block Group 2; Census Tract 102.02; District of Columbia; District of Columbia","1060","308",
"1500000US110010102023","Block Group 3; Census Tract 102.02; District of Columbia; District of Columbia","0","15",
"1500000US110010102024","Block Group 4; Census Tract 102.02; District of Columbia; District of Columbia","84","59",
"1500000US110010102025","Block Group 5; Census Tract 102.02; District of Columbia; District of Columbia","1658","483",
"1500000US110010102026","Block Group 6; Census Tract 102.02; District of Columbia; District of Columbia","0","15",
"1500000US110010103001","Block Group 1; Census Tract 103; District of Columbia; District of Columbia","1445","425",
"1500000US110010103002","Block Group 2; Census Tract 103; District of Columbia; District of Columbia","1562","544",
"1500000US110010103003","Block Group 3; Census Tract 103; District of Columbia; District of Columbia","1256","467",
"1500000US110010104001","Block Group 1; Census Tract 104; District of Columbia; District of Columbia","1792","651",
"1500000US110010104002","Block Group 2; Census Tract 104; District of Columbia; District of Columbia","1094","391",
"1500000US110010104003","Block Group 3; Census Tract 104; District of Columbia; District of Columbia","1903","470",
"1500000US110010105001","Block Group 1; Census Tract 105; District of Columbia; District of Columbia","0","15",
"1500000US110010105002","Block Group 2; Census Tract 105; District of Columbia; District of Columbia","2263","566",
"1500000US110010105003","Block Group 3; Census Tract 105; District of Columbia; District of Columbia","1213","331",
"1500000US110010105004","Block Group 4; Census Tract 105; District of Columbia; District of Columbia","0","15",
"1500000US110010105005","Block Group 5; Census Tract 105; District of Columbia; District of Columbia","725","324",
"1500000US110010106011","Block Group 1; Census Tract 106.01; District of Columbia; District of Columbia","1270","241",
"1500000US110010106012","Block Group 2; Census Tract 106.01; District of Columbia; District of Columbia","856","322",
"1500000US110010106021","Block Group 1; Census Tract 106.02; District of Columbia; District of Columbia","1303","527",
"1500000US110010106022","Block Group 2; Census Tract 106.02; District of Columbia; District of Columbia","936","288",
"1500000US110010106023","Block Group 3; Census Tract 106.02; District of Columbia; District of Columbia","1960","644",
"1500000US110010106024","Block Group 4; Census Tract 106.02; District of Columbia; District of Columbia","3179","685",
"1500000US110010106031","Block Group 1; Census Tract 106.03; District of Columbia; District of Columbia","0","15",
"1500000US110010106032","Block Group 2; Census Tract 106.03; District of Columbia; District of Columbia","1250","510",
"1500000US110010106033","Block Group 3; Census Tract 106.03; District of Columbia; District of Columbia","1609","279",
"1500000US110010107001","Block Group 1; Census Tract 107; District of Columbia; District of Columbia","521","143",
"1500000US110010107002","Block Group 2; Census Tract 107; District of Columbia; District of Columbia","1141","360",
"1500000US110010108001","Block Group 1; Census Tract 108; District of Columbia; District of Columbia","1406","240",
"1500000US110010108002","Block Group 2; Census Tract 108; District of Columbia; District of Columbia","0","15",
"1500000US110010108003","Block Group 3; Census Tract 108; District of Columbia; District of Columbia","1821","326",
"1500000US110010108004","Block Group 4; Census Tract 108; District of Columbia; District of Columbia","0","15",
"1500000US110010108005","Block Group 5; Census Tract 108; District of Columbia; District of Columbia","0","15",
"1500000US110010108006","Block Group 6; Census Tract 108; District of Columbia; District of Columbia","2137","397",
"1500000US110010109001","Block Group 1; Census Tract 109; District of Columbia; District of Columbia","1693","397",
"1500000US110010109002","Block Group 2; Census Tract 109; District of Columbia; District of Columbia","1765","797",
"1500000US110010110011","Block Group 1; Census Tract 110.01; District of Columbia; District of Columbia","403","301",
"1500000US110010110012","Block Group 2; Census Tract 110.01; District of Columbia; District of Columbia","1467","381",
"1500000US110010110013","Block Group 3; Census Tract 110.01; District of Columbia; District of Columbia","475","148",
"1500000US110010110021","Block Group 1; Census Tract 110.02; District of Columbia; District of Columbia","809","175",
"1500000US110010110022","Block Group 2; Census Tract 110.02; District of Columbia; District of Columbia","631","125",
"1500000US110010111001","Block Group 1; Census Tract 111; District of Columbia; District of Columbia","1410","485",
"1500000US110010111002","Block Group 2; Census Tract 111; District of Columbia; District of Columbia","1784","557",
"1500000US110010111003","Block Group 3; Census Tract 111; District of Columbia; District of Columbia","1834","462",
"1500000US110019800001","Block Group 1; Census Tract 9800; District of Columbia; District of Columbia","17","25",
